"source","md5","sha256","bytes"
"ablations/run_systems_ablations_cpu12.sh","1ce7f258887038cde28bd12f0995c485","da8316ac42d3da222d0484aac3ff02b6cb3bb31022e6af808abf495a51e3416b",1460
"ablations/run_systems_ablations_cuda.sh","4b293b635fe204b210885978efe290ad","3dd404931c58927c854599acb97b42509117312dae862a18eee34b49e6d1fc28",1526
"analysis/aggregate_calibration_results.R","0a4302aa8f832ef3a353d6a868cd9b54","9dad163c26ea1035b2f38ad8d7cc5284622c7d03b544da1ea5dfa84a73f160b3",8185
"analysis/aggregate_publication_results.R","57cbf2f89ea1168aae52903e9b5ccd0d","1569a1db08002b75494ed7e37d12ebd3926139f2792e55111fc3b0bc0d255912",15732
"analysis/aggregate_reusable_external_indexes.R","99983e71a1426f8ae1c2231c2aa0e5d9","cc4208db2056e99fdd26be05cf028768c3fcf3ecc09dbe8f1289a00435df881a",4440
"analysis/aggregate_systems_ablations.R","54a9e3ddbe7884e700295c06cdc8708f","dbb45ed73e90d943bdf210fb635283bab43f5e3730e207e20fc8abfee226349e",8616
"analysis/analyze_leave_one_dataset_out.R","e5412ea6664e5d3d851a2504531c2226","0cb39d157f597e8d4cccb69168cea318a62d3ce438196913274b05f96a637e7b",8355
"analysis/audit_publication_freeze.R","3c49a8cd819c7e3e473adfe5850eedbd","dbff80ff1c1d1db84fd806ceda38e0d25093ed75aa6b360e6f6eb4eaff15b8ef",8261
"analysis/build_publication_figures.R","2a0db6d8b24c585ff7c012674dfcbc5d","203f850ff2a86980c97c97b045d163ff0d92341acc667c190ec09984565ecc1a",4344
"analysis/run_aggregate_cpu12.sh","18d392c083ff58e835de9a11ba3ab7e4","8c908d3a78add774861f70f7b740550e8240e7c1ab3a33400871b7f3e5a01e6b",1300
"analysis/run_aggregate_cuda.sh","a2592f1b42e0a7fd64ea02541bae32ec","4d9426073209ffaca624070227da446097493852dbd6efc824ee2c517b727545",1331
"calibration/cpu/run_tune_faissR_bruteforce_cpu12_inner_product.sh","2df24ea751d327c5bcf579fe82836ce3","504ff20992995c20765545305bd8f7d7b1c76da735dab0156950f5b5a4e719c0",774
"calibration/cpu/run_tune_faissR_exact_cpu12_inner_product.sh","22f3f674b56b222129419739d3a738cb","11ffd4a688e548df6d12b26fd86391c246cce02bc5bde5a497a836265768012e",749
"calibration/cpu/run_tune_faissR_flat_cpu12_inner_product.sh","c0d820999cb648a5c884d4ba6ac070fb","7df15e9e35667f6cbd8caf8981486df1b5c454ef7e7515ffc665255f07a24f79",744
"calibration/cpu/run_tune_faissR_hnsw_cpu12_inner_product.sh","85bde632cf094acac4804ee60430299c","52ac3273af2c301de0b6e16a366bcc4b5f881eeb86fd1d14075eedd91b9d42ab",744
"calibration/cpu/run_tune_faissR_ivf_cpu12_inner_product.sh","42fceea850e4cbd96ab5af322e5c4f4d","0351d2b3f48d16a8b737e87439b0d4ef1b42f0bc8a3c1bb57402640907554050",739
"calibration/cpu/run_tune_faissR_ivfpq_cpu12_inner_product.sh","5aff2a77de4b7b7718171bf4eb0194cd","a2e2490865a8ef468b9dad779475d78dd5857861ae2080ec9ccecd71f92d25d9",749
"calibration/cpu/run_tune_faissR_ivfpq_fastscan_cpu12_inner_product.sh","660a299918bf5c671361ddb1366aaafe","fbc9c36c0cd2311717432ace68629a2c918d2df58ab3239ee50aa16f29854da2",794
"calibration/cpu/run_tune_faissR_nndescent_cpu12_inner_product.sh","5f2e606a84b37baaa1d5b31d6417eae4","b717b9d346a7a35905b4a41e2331a6b5dc9e2a8e68b0e9125f6dd0fbb779ae9a",769
"calibration/cpu/run_tune_faissR_nsg_cpu12_inner_product.sh","5420613dad956add35381f6875f08f00","2b3add632a1a7d7f77a52bda381976b84589ab9f36d99714b13709c0de9f045a",739
"calibration/cpu/run_tune_faissR_vamana_cpu12_inner_product.sh","9eba3243cc42fb64947e730397d76352","51bbbca56026d1b0a4f463adfbb416261741a3622386419e2245d8fa98247ea8",754
"calibration/cuda/run_tune_faissR_bruteforce_cuda_inner_product.sh","ee56ee123eb1ce3ff2e9abc47adbc0ee","35a6a8984715947ac93c90a64ed7207ca55412307b6486bc34e859358476d155",799
"calibration/cuda/run_tune_faissR_cagra_cuda_inner_product.sh","42295a5a3e80f3d3cd4f2e394983a859","8c9866b1338a63515d40a0435184e475ce354abbd58a974255724e9879cde9ee",774
"calibration/cuda/run_tune_faissR_exact_cuda_inner_product.sh","9b724d22b9e97041a05d60107f9ca4d8","577d10a321c89a7785f0deeaadc7a99553f0f84e06ade6df438fa344db6ebfcf",774
"calibration/cuda/run_tune_faissR_flat_cuda_inner_product.sh","9ac3596a220c68514c40d05b088cb2c5","d786802abb02eb32f1cc5174aa1b4f0b16bb6072a0f28d0513d16400cab39528",769
"calibration/cuda/run_tune_faissR_hnsw_cuda_inner_product.sh","beac203fd28bbbddb5c605840e549d75","6f988e3a8d7d097477b76cf088bd6fec664229f3d333ac3edf36b930df580ae2",769
"calibration/cuda/run_tune_faissR_ivf_cuda_inner_product.sh","bc469b5d278803b7a11f2d6496c4544e","7c7aeaea27ff30cb05113e66f4db90a85d333b978dcd245d92a36787d198ba1c",764
"calibration/cuda/run_tune_faissR_ivfpq_cuda_inner_product.sh","f5ecb0eb093bd473bbad8f7463849ef4","718a82762c06923392c211425b3e0198c4eee133bdf26e09962e8b76a9fd6531",774
"calibration/cuda/run_tune_faissR_ivfpq_fastscan_cuda_inner_product.sh","8d8bd72a9dea1b6a44f3b109823700fe","8b2770a5e7df17803abfba7711f647241be3db7ff6f94a788120a27ea344fa98",819
"calibration/cuda/run_tune_faissR_nndescent_cuda_inner_product.sh","e3017b96c585b594201b8e645221906d","858f71504d8be434dbe9bfca7ee8cf5efcd508c7ec521aa053e9319898c22b7e",794
"calibration/cuda/run_tune_faissR_nsg_cuda_inner_product.sh","1c3f5d826e5ac8f9e8cb7050b4e05546","fa1c2704e334112eccde29f50975596469a3c140ed5cb73da7a61f6dd20e21ff",764
"calibration/cuda/run_tune_faissR_vamana_cuda_inner_product.sh","37f2458f5374d338846edb4589058b4b","eb1c328e9b000fcbd5965457f0bfdf77bc2abaa4d9d0d21e93c6bcdc1632a2dc",779
"common/benchmark_jmlr_tuned_methods.R","66d5da1fb71d4b9789fee5e53b625ee7","aa901d1e1355743e6ec5592b2cab020cb40f46d3d618662c689ebe59ac613afc",62160
"common/benchmark_jss_systems_ablations.R","8878cef738f7ae312605ee93f7d8e0d2","8c059b1a33a7a421c117b8de6ffa230d48ba3c8ef0facf62372dc6c2ee5debe3",18112
"common/benchmark_method_tuning_from_reference.R","c8ab87849fbf0acbaf0133acfab76958","fee2395b541344ba522025017e723035810c9b542c70f9de25b3f69720ca10e4",76732
"common/benchmark_metric_conformance.R","3f9f406b5ed8d36606a5283c264a28fc","823a925dd82aa8e5af800bbd983be7a7f3f4bf205bcaf6f12764d892e93a2795",15517
"common/benchmark_package_route_qa.R","a30ae1f408de21a3c2907e7b6a987139","a21280c2af2dd86194f421f68c3baf9fb6e431c7405133f2a93c65e2c5cb882f",17826
"common/benchmark_precompute_exact_references.R","cc329b3a4b9e0c6825e96c015500994f","00dd50edba6f54ad2992652a10be1d5797dfbd6b9edaf7b07f9c478165274e4c",16675
"common/benchmark_precompute_exact_references_cuda.R","2d842d1d1f805d265220df105aa2dac5","1a6bfb55c9a1cff273147b20504c2dd9c4e441707f78310d8c01e3eee063bfdb",17424
"common/benchmark_reusable_external_indexes.R","b601d496997f8600008044069d915e4b","1f92bfe2232c5f63fa266fcd33e2c5512a42f87f22cbd77acf45149e0a459fbb",20697
"common/make_hpc_float32_manifest.R","b42b919b1f9b3ce882bdf892ce0395d2","e7ce8565ba164e278bee501e0d260413499ef71fbe47dfea3fd634feb2bd9540",6107
"common/make_jmlr_synthetic_mips_manifest.R","16e03876fb8487c069a2b4639fc5b587","7c4c37f8fe7369b2314a83d0d4d94c437e378d70bef6c2d3331998bc41a02258",2666
"common/run_one_inner_product_tuning.sh","317b12a1ae5920af8a45e12d12565439","385ed94875a59c191f6cb31bb0b5130444056f66c81029da666fe69442a2c3f1",3632
"common/run_one_method.sh","c56da2dbc9946ba36886a3c52cee0ef6","ed0d3f416ab346905a4ab9c334c725d8b5cdd7b78fde3c280e576686c516088f",6023
"cpu/run_BiocNeighbors_annoy_cpu12.sh","f707adb8923b48e23bdc812c33251083","0a81060ab5f279ee6e56c976da65f559762627269cc21ac4fd226e091db1126b",938
"cpu/run_BiocNeighbors_exhaustive_cpu12.sh","1eaa5d4c4f546538d9bb978f4919f07b","7c0504189ba19affab6d527eca07c87de274ce9a72d691050d6a9d623f3ff49f",963
"cpu/run_BiocNeighbors_hnsw_cpu12.sh","0af50169a69263b677cb08beb16b1490","5d6b9e769051adeedadb13b7351c58ae8d3a3ee4d4a51b7a25e22d066e5af702",933
"cpu/run_RANN_bd_cpu12.sh","3143c786308b445f246064b062008aed","e22e61e3980a4684ee7dff493e7e054207f0c061cf1de136b9934a5793ddeea5",871
"cpu/run_RANN_kd_cpu12.sh","5aa26123372c042c84c9fc5d996bcded","d08df74784d5300e30fdc1cb34bc4789ae273d3d37d4b32bb781388c93e0ca5d",871
"cpu/run_RcppAnnoy_euclidean_cpu12.sh","7567e3f935d0fea9f4755f96814f4714","2349340aeaff99ca20dbe7eaf4d2ba84aa9a36ee6e68ad26ba47f48f998cfc23",931
"cpu/run_Rnanoflann_standard_cpu12.sh","49687b2ae01dc3f4d47b50b8a9680901","545fd06d940a71ce0546e56381d12a9342540ffff8978f23a7fef3f6d0184370",931
"cpu/run_faissR_auto_cpu12.sh","da4084b09a3a56644a1122c98bed23bf","1c4c8463e29cb9196797a2e82071d68f73791ea9fea2a3c5e4e3cdc7deeb3898",928
"cpu/run_faissR_bruteforce_cpu12.sh","04214fc7d5d77f62ebaa063bc7747bdc","978018cbd113c380dfa22fa5ee161cd88908322d8fc5fc4e7783d9d4f810f4df",958
"cpu/run_faissR_exact_cpu12.sh","f8e8b0f02e09e00c97e92b6dc1fde198","6695453ca35dbfa7c40a1cd293ab24d97ef5c8fa121303dd23e074526f7d28ed",933
"cpu/run_faissR_flat_cpu12.sh","4fdaa566e05fb5f96ee1b48d6bb9840f","4ac89dd6c7f148543594e3260e536f172bd51278fac0cd4c75a515d22a1ab7c8",928
"cpu/run_faissR_grid_cpu12.sh","ea9a168ec6701e1ade80084b2f244604","e99a241ddcb95e044c80dfc8c6f439ec7d3954e21e524f966bf9c39d0cf4ae25",896
"cpu/run_faissR_hnsw_cpu12.sh","01969325dea8eaf9a5cdf14cb747d663","a4ad2381b982ab96347ac16747c19ccdc66d154938b8e70d07e805b4e5fa938f",928
"cpu/run_faissR_ivf_cpu12.sh","d4fe51c34051e641ac5b4317058a3a40","33469807f45d3d72ecabdf69474967f90164dae785507d074c2b04e78f4f2182",923
"cpu/run_faissR_ivfpq_cpu12.sh","17c92aa4cbaf5a367643cd2ce9f73f9b","78dac5b3515c3a960c520e41b3f100f5a55bf50df0ad472a5e69e6ea7b6f0b0e",933
"cpu/run_faissR_ivfpq_fastscan_cpu12.sh","8f50bd0da0f45d5938de904d5c8a2efe","acee3a85fbeb5ab29f002e8d976826e2ae69419156b1922b2942453d3d4c9e84",978
"cpu/run_faissR_nndescent_cpu12.sh","db16f59e478ecfdbfc5e7c13093da856","099482a16fabf633dbe737f2e1c48855578c9c735324764d67375874103ec22e",953
"cpu/run_faissR_nsg_cpu12.sh","04ebe5189547e2a3e73c79a261a3de34","601afb8cedfc5905f9b1ccca6b04c8d0162fb53eb1c0d9e8fda24267000651e3",923
"cpu/run_faissR_vamana_cpu12.sh","6637e7450542b7bafb0ea7404f6f2b39","34bb2ff5c7f72dcd0fe97b962ef7b8c46fbafdcbe505326c229a2723aae13ba4",938
"cpu/run_rnndescent_bruteforce_cpu12.sh","d9811f81568dc5ff1b60a0033a63304e","3659944e3573df9f4443d8fc0c45d3b65b780c19e18f4c27c9f2b4d199d4e907",941
"cpu/run_rnndescent_nnd_cpu12.sh","34677c61ee15890351fd73ead3abcb1e","e4c01513d9d24ae9650ddcc71811dddff51fc06295f8cff1c60979a413628183",906
"cpu/run_rnndescent_rnnd_cpu12.sh","4fd74ad815bc0a28bb88dff5d8bf6115","41a61496c1d700d57ce27f761e8087aa9e441f3132937521b33f874d8b71dd69",911
"cpu/run_rnndescent_rpf_cpu12.sh","dbb1079c926e0750e2277053a4a617ae","565d94a37c4ac3f7e03ae97008ac40a84857065c32a3521421347a1205648309",906
"cuda/run_faissR_auto_cuda.sh","6a5caa409f47f4752d6904dd4eb7cf42","94788ae39e4b03a463d0d1d00108705b56481ac4b85c8997003b8a7656f8265a",954
"cuda/run_faissR_bruteforce_cuda.sh","148eafa4d3635e405d56da9c79203adf","8006dc07c614e3347ac06054fbffb04434e7c8402c46e27d8053726e7893f5fc",984
"cuda/run_faissR_cagra_cuda.sh","2a76a77712cabcba76fffeed38bbb58f","bca6d8821ee74ae16429e9d0c6595e0ecfe316268b27ecaa164722f7a0608522",959
"cuda/run_faissR_exact_cuda.sh","4863777f51d9e847284e4709f80c802f","49a612720cd86a1a82519a678367b3a91fe28e50fca0f446030ad21804ac7fe1",959
"cuda/run_faissR_flat_cuda.sh","9cac5869ced6ffe660670ed35715e29b","dd53ac458b40410a5906ec75a9d5ddf4481340a0dfa1a7a28c07ba2139c110a1",954
"cuda/run_faissR_gpu_resident_auto_cuda.sh","fab03c443c083b6049846984e84c38f8","7f328109a53220ae43ed0a0377c87f1cf1432347cdc362c3637bce160441d610",1019
"cuda/run_faissR_gpu_resident_bruteforce_cuda.sh","01cedf67e2acddb0ee425e7548ce7987","b93a24df56e232473af010e43c444ca95b4e9fc276b1fa0488c61c849ee8f931",1049
"cuda/run_faissR_gpu_resident_exact_cuda.sh","637f055803d1785107159f0be956f900","17811626fd389ef5c1854867c17494e6ee04087bcf145d5c63570f0909879b58",1024
"cuda/run_faissR_gpu_resident_flat_cuda.sh","f8fcbaab3d8a02b98873deffc000ab82","c1bf0c71302963e5e9c0ad887437a660bc6d748cc5a03602e34bf420055b740a",1019
"cuda/run_faissR_grid_cuda.sh","025d82e88de924b7ef14bea6162960de","213af92b256d58ec4ca7a2d4a6c459e76c06ee1e1a178dacc96d659f67af5eb4",922
"cuda/run_faissR_hnsw_cuda.sh","353a24c113fec622b0a081b2615058d4","31a8bc6e73c3ed6e1bcdd7748ee8f1c68c0bdde3079cb0432846d7f48e6676bb",954
"cuda/run_faissR_ivf_cuda.sh","a2b32e35cb28b4a3cf91911aefab345f","7d3c0a954c05ce78f65b9f5052da0aa20d971b09bd5a96639d3f21048fa936b5",949
"cuda/run_faissR_ivfpq_cuda.sh","bc0a1a905ac3ebb4136621cf8a389d68","7907b1350ba9fb6705032847e59541e1aa80637147e022983111cfc6d94c587b",959
"cuda/run_faissR_ivfpq_fastscan_cuda.sh","b522dffbd7d08064c3d296806da39b4c","614719d10b28bce31cf8888cc8dc81ed0992cb043bbf20f7be910f10b0c8f220",1004
"cuda/run_faissR_nndescent_cuda.sh","088796723891ddbdfc71dd3e7f5451e7","eb67575fe88d16b7085a9791e1ef88f8a91a87119360cbd927366b833055ad87",979
"cuda/run_faissR_nsg_cuda.sh","950a67acbd6d08df06c308eb40f1dd36","6ac361f471a5d4e6a8d7d4eaa5a809458a42cfd25ab71e93fb3658fc496d40a8",949
"cuda/run_faissR_vamana_cuda.sh","fb43a13ee398a24dabcc8e60bfc99a9d","998acb5179d18a231596c6e182f770a50b02a264b425dd7db3aef59c0364ede8",964
"final_campaign/ablations/run_lowdim_systems_ablations_cpu12.sh","0eed048acfbc8aef1715a20aa2f7c5ca","806061b79c1f5b77625a44cd98b831b89b78e0ea0f45c8dda7e1cc1a78cefc82",1550
"final_campaign/ablations/run_lowdim_systems_ablations_cuda.sh","6570d59ae4f9e8310e59381715839591","52d89e25af2acfecfe08fd6b1500cf6ce696e357d115e40402fde5f65f6b7e72",1572
"final_campaign/analysis/run_ablation_audit_cpu12.sh","45d86b0e46aba4762dce13ee6b77cdc5","7cdc8f1dcfcf58a450fd94d299995165142d72adc2f1c4ce707a79f6122f8646",1748
"final_campaign/analysis/run_calibration_audit_cpu12.sh","f6f36b30a0b1a47500aa1d4863236b96","4d5e31b2c513381e273f1fc74a0a31b1d8bf193a5c1526b84376ff59b4ced32a",2639
"final_campaign/analysis/run_freeze_audit_cpu12.sh","62ceb2042e606db5b01b43474fb004b8","792fb3861be3dfe19d85f731ad72f73b1fb1e9fc1b84b5eedb14867a9c2f8c6f",1631
"final_campaign/analysis/run_freeze_audit_cuda.sh","08dd0e8740f23f7f0791acde5eec60f9","310a1c6a7905ed37a7dd9b329f0df1bde134a0dd65b846dc49d9f78ce9454a30",1654
"final_campaign/analysis/run_held_out_analysis_cpu12.sh","f06f51eb5471ee7bc5ed3b6e30a879ee","11c24dd289fa16b5fc8fc8556b283121ba7d96fb3f31fe9263d6c6c37d485148",2927
"final_campaign/analysis/run_held_out_analysis_cuda.sh","32de824f93af97db6e5e2909e1880f74","2d0d3dd3d77a1406dacc1b52e72a22b22c938a987eb6236585a5106f84e1caf0",2954
"final_campaign/analysis/run_metric_conformance_cpu12.sh","c0e15134e37ffe316aa41389192597f1","70a4fb9f9da1ea575949b59ff2110ab4f771cf1c7488121958188be0757df1a1",1569
"final_campaign/analysis/run_metric_conformance_cuda.sh","5abc482d2fe0ecc94fb03bac00d72a6e","fa01fc5d123e623e4a45af84f27a3b91fb6932d5e2c044dc76a86c35b49b4b55",1591
"final_campaign/analysis/run_reusable_external_audit_cpu12.sh","0fce55c90cdeda26c0a9c8b5032c8f85","39148706100c580eae090555ec0b930cc3360d8cc2d35bac9fda40a6a937bc41",1772
"final_campaign/calibration/mips/cpu/run_tune_faissR_bruteforce_cpu12_inner_product_mips.sh","57ec9cec6433235f9943fd0026ecc02e","69550c3c087ba7e427f5a01cf1d236de9429795b67466a22434596e8b6204e30",2664
"final_campaign/calibration/mips/cpu/run_tune_faissR_exact_cpu12_inner_product_mips.sh","e42cfa3117a60af65356adc1324c73a9","f8b9569058ecf4cefa5e8dba5e974e9d43795e70c960143971f538108df199c3",2642
"final_campaign/calibration/mips/cpu/run_tune_faissR_flat_cpu12_inner_product_mips.sh","4956636859dc753d4a25ceaee9277ddb","65f054fd63acb6943679c04131a99a64fe434a7eb3244ab5ec89376f489b5501",2637
"final_campaign/calibration/mips/cpu/run_tune_faissR_hnsw_cpu12_inner_product_mips.sh","a48dc8bb8266b012cede318ccf46f22d","d780555045c8a9a452650079db88e72ae8d5e79dd6fef74bcb1cf28b5b8385a8",2637
"final_campaign/calibration/mips/cpu/run_tune_faissR_ivf_cpu12_inner_product_mips.sh","f6ed6114db332d8b44318a370301bf38","7f8d5191a25cf70611e805325bad6bfca0a5cbbf9c15e879c5bd3875ddf4c041",2632
"final_campaign/calibration/mips/cpu/run_tune_faissR_ivfpq_cpu12_inner_product_mips.sh","81429e80a24f3a8e5f459174f8636c90","84d9a574b847328d4335f72aa384544ae4aa3f08207ccc4e4d60d8915101e98d",2642
"final_campaign/calibration/mips/cpu/run_tune_faissR_ivfpq_fastscan_cpu12_inner_product_mips.sh","a2446a4ad387eed9d46149b93585383a","1336d5f157651ea94430e498ab11833fddbdd8be98f57d8e041158bb58d36d11",2680
"final_campaign/calibration/mips/cpu/run_tune_faissR_nndescent_cpu12_inner_product_mips.sh","479c2bec9be9f486f14e11380e816fb0","5550cded5a919c3f4348a0fa9eb64321a9ad2893ddbe5f47c92164a93f8f497b",2660
"final_campaign/calibration/mips/cpu/run_tune_faissR_nsg_cpu12_inner_product_mips.sh","b6fc7c451bdcada32a190d3ad6b1195d","e326bd32d9795b1b982c9301669d5cb4259314aad7c7098a66d88500525ace04",2632
"final_campaign/calibration/mips/cpu/run_tune_faissR_vamana_cpu12_inner_product_mips.sh","889ef4eccd69b55b297a5b8107127cfb","8f94d4e480d281a579351d32c9ba768ed7a14b6e2be757eb13e4daba3337eaa8",2647
"final_campaign/calibration/mips/cuda/run_tune_faissR_bruteforce_cuda_inner_product_mips.sh","772a6c765eebd4b2291bdc8fe5df964a","dc4bb5d878b88b5878dd79d3b667c8cf8e505ef2cc0ad3070df246c4015ce137",2690
"final_campaign/calibration/mips/cuda/run_tune_faissR_cagra_cuda_inner_product_mips.sh","8059b034d36b815987066d116e1ba0c2","2fefc82e07856efb9e9243492dd93f5cc6510b4708c87c962b5bae32afc44317",2668
"final_campaign/calibration/mips/cuda/run_tune_faissR_exact_cuda_inner_product_mips.sh","e40b873c63193817dcd36f4caa761156","133e23bdf4ed600bce78b716b81d036c809833418fa9d3e7e27e36be418cdee6",2668
"final_campaign/calibration/mips/cuda/run_tune_faissR_flat_cuda_inner_product_mips.sh","2e3118a32ead9ff04fa246a0deb4f958","ca4fffd9d5a5dda6434c92ccf2d463a191f7966a76abed3f63c05c14b0c90ecf",2663
"final_campaign/calibration/mips/cuda/run_tune_faissR_hnsw_cuda_inner_product_mips.sh","588a66521c8c67f51882f555190bdff2","8de71412c16bae48181d2d77839ca90577d7cec9bf988057578f1a5beb12a7c8",2663
"final_campaign/calibration/mips/cuda/run_tune_faissR_ivf_cuda_inner_product_mips.sh","f2c999b4628a99f912ee7c5060e6e630","b67b67f177d5ae4431d299258a5ef3a34b4f851119d638514e0d9320f277d3dd",2658
"final_campaign/calibration/mips/cuda/run_tune_faissR_ivfpq_cuda_inner_product_mips.sh","5924c0387ab12f2d10b092f338542820","31fb85aa59cdd04718e38a1fa3b258725e2fee04fb34db5e36ba32763aa0d6f2",2668
"final_campaign/calibration/mips/cuda/run_tune_faissR_ivfpq_fastscan_cuda_inner_product_mips.sh","d945dff8e015000eb1e0c2aa5bbcca53","e2f61145c32dd2ea1c8913d0fd1ba96ec7e618e3dea708475dfd7fa0ad2d3358",2706
"final_campaign/calibration/mips/cuda/run_tune_faissR_nndescent_cuda_inner_product_mips.sh","70c6b68041376b5d09707fee4550390b","fcee2b42fc712d3f38b3add2ee96237117af0fc9348a30f0772aee883e53431f",2686
"final_campaign/calibration/mips/cuda/run_tune_faissR_nsg_cuda_inner_product_mips.sh","32ad2c4643e0e69605844d02c48b7255","a945a67a72baf59e7a5b05a1b1a42581c7e771d3b4cfdaeaa5b033dbc58dca47",2658
"final_campaign/calibration/mips/cuda/run_tune_faissR_vamana_cuda_inner_product_mips.sh","52f546ea8cab4c3f93739c1e6efc3f04","7f07a662bc3a7f7cbbecff777297c725e705c7b23070c1570b7b122e2b04a9d0",2673
"final_campaign/calibration/real/cpu/run_tune_faissR_bruteforce_cpu12_correlation_real.sh","df0bf5ee1edb1f740af61d2915bdf1ad","b29910ab8e838d80372da540f5e8f1ffde1581af1888838c778a9cbd0eec62d0",2322
"final_campaign/calibration/real/cpu/run_tune_faissR_bruteforce_cpu12_cosine_real.sh","82b3f2cab2105bfa984e56f58a7f68e8","76c18d550713c1738709ebaa88dd6a1e738a413ec2fe2ffbd45612da880f0878",2302
"final_campaign/calibration/real/cpu/run_tune_faissR_bruteforce_cpu12_euclidean_real.sh","66bfd2a22f022bc6e534d67c475071cd","c870a03e7466f93bddf55f938beed17d7e6d3acd29d5d80050835f1d47a12cc9",2314
"final_campaign/calibration/real/cpu/run_tune_faissR_bruteforce_cpu12_inner_product_real.sh","4e080ed7a81d2f8123cb960b96327f2f","3a86194b313f240d7c6892a051cb31d93bfecdd948235e2e3452b24da8a06b33",2330
"final_campaign/calibration/real/cpu/run_tune_faissR_exact_cpu12_correlation_real.sh","d0008bb50dada0c4f75920f6f8c4325d","b3ff6482ba8390dc904097d7cb2263258bc4824f18829533fb3b2b0174c52353",2300
"final_campaign/calibration/real/cpu/run_tune_faissR_exact_cpu12_cosine_real.sh","fb6d03c8997986b9cd1cb9c61347d0ce","3714451e24c14a02157285c9d9d1db64eb9f172de33f697a901ef313ff676f45",2280
"final_campaign/calibration/real/cpu/run_tune_faissR_exact_cpu12_euclidean_real.sh","b1d7d68d998da9040f0bf5feb9dcee67","1e448ffe0458b108c0cb59cdbec22524412061acb4f0810861ec705f7b1e521a",2292
"final_campaign/calibration/real/cpu/run_tune_faissR_exact_cpu12_inner_product_real.sh","f0aaef48f2cdfef472639f36c798560f","27492915960f681ef1c5a150eb0c383c90b36dd8b25834f8f235a8e39932b306",2308
"final_campaign/calibration/real/cpu/run_tune_faissR_flat_cpu12_correlation_real.sh","3b81335b1dfd09761f0418b5b9bf26df","a302bf29ee5051b0d5d883fe24b5676a6d7ab4c8aed1e4a435c97c915d6b35d1",2295
"final_campaign/calibration/real/cpu/run_tune_faissR_flat_cpu12_cosine_real.sh","471868faa56ae60ff2d41c4740f6933e","1e424bbe885c63419f2b08aec41f6faca7613f61ec3e8dac1a1de4be7699bda9",2275
"final_campaign/calibration/real/cpu/run_tune_faissR_flat_cpu12_euclidean_real.sh","403b9734af6eb1f2851dccc0eace3213","c02a6cf0146c751012fc9d14981a3e7c8613eebfa4f1192d67ef64c7579549a9",2287
"final_campaign/calibration/real/cpu/run_tune_faissR_flat_cpu12_inner_product_real.sh","5cd26c57f82b722660a45f67823e1712","3719fa4aa2cfc5ca064fde18080c32baad3aaa873dc9c2346e9b7570efda2ea8",2303
"final_campaign/calibration/real/cpu/run_tune_faissR_hnsw_cpu12_correlation_real.sh","4555da2b7b4ee18c7dd59fa076b83c76","7de6c49fa07cfd0cd3230d00e7373422bca74875e88c6e0ae068600e293e2dcb",2295
"final_campaign/calibration/real/cpu/run_tune_faissR_hnsw_cpu12_cosine_real.sh","1e021f930bb7ade10c4a616e98d57555","da917bc163907f1d52e982ca7c639c611aa6a529b3c2fa06f76992a01fff1d35",2275
"final_campaign/calibration/real/cpu/run_tune_faissR_hnsw_cpu12_euclidean_real.sh","ebc01ef6a03e9ca64b547ae75b5cfdc3","725342e5a43312b18110b50be04beb905e7ceb3cc8260e66b19d2abaac967943",2287
"final_campaign/calibration/real/cpu/run_tune_faissR_hnsw_cpu12_inner_product_real.sh","1a99b8203b4a7721d9e94c3b66e9cdbe","cafc6420e2ad6e257379a5137ddf4e376c8b3f01537e846d782c1b10bc9f2143",2303
"final_campaign/calibration/real/cpu/run_tune_faissR_ivf_cpu12_correlation_real.sh","f4b5d83e5ad4b6279a7f45721a305118","e8c20af35b87b3f0e49a72d7b3d4bcbdcc11933c2a04d22ab7114b59b808e15f",2290
"final_campaign/calibration/real/cpu/run_tune_faissR_ivf_cpu12_cosine_real.sh","bf8bcde842cd34c6f41112dafc7ccb73","dcdb0513b50383e2d9074fdf0ada93389771f01161cb549b75f67f9005ac76e0",2270
"final_campaign/calibration/real/cpu/run_tune_faissR_ivf_cpu12_euclidean_real.sh","38514b909fedcb6513d8cb84910fe6fa","843f2a789c648abf5e019576ae1e44f54af7e6e5760e260de712891539991609",2282
"final_campaign/calibration/real/cpu/run_tune_faissR_ivf_cpu12_inner_product_real.sh","2813338d4e4d9be3ec0ab483374c7bfa","84da3f58fa91f0a3f715f65dd2bb42b9f3ad5e20604ee94571d075a75c29f5da",2298
"final_campaign/calibration/real/cpu/run_tune_faissR_ivfpq_cpu12_correlation_real.sh","aeabb4b866a98baa7f204dea3695b158","dbfa3e2786b21a81c1ddff7ca3438a728210b7d399969de17a06e26925eff09a",2300
"final_campaign/calibration/real/cpu/run_tune_faissR_ivfpq_cpu12_cosine_real.sh","d84a22a6802e4fa1a90563dc7be0fba1","39ba536dbd6b86a77c9c695ae7f252a64c199975c300e71e0d474480c962c730",2280
"final_campaign/calibration/real/cpu/run_tune_faissR_ivfpq_cpu12_euclidean_real.sh","6a93ea2aa3573d0e5c9dd604b2ceff9d","a07fe0f11958609f3052f5e8386059cfeaae021a87bd0684d3a1e8dbb594f6ae",2292
"final_campaign/calibration/real/cpu/run_tune_faissR_ivfpq_cpu12_inner_product_real.sh","5385d8154967319e83c536e40cf31685","a3caa5ee0f6dbde63462f73e8f7001fec117b0792b0f8aa42bad38e6cb2de9ab",2308
"final_campaign/calibration/real/cpu/run_tune_faissR_ivfpq_fastscan_cpu12_correlation_real.sh","1f244316490c670b972e046537437238","6e58a18873025b19abc495b196574834abc2998b12d4ef4b45c070e91e107a9d",2338
"final_campaign/calibration/real/cpu/run_tune_faissR_ivfpq_fastscan_cpu12_cosine_real.sh","cf55e376a6f959d9168d5d84ca49bb18","e8559bcdda932a1553826554fbc0ab94f9e99a1ff54d36de473acba7f644f18a",2318
"final_campaign/calibration/real/cpu/run_tune_faissR_ivfpq_fastscan_cpu12_euclidean_real.sh","7c81558c327ff2627c66179c177f9be0","285e3f31578692a4fd4a1bf0daa5aa11cbab52f782ebd90b4e7d0a5daa427541",2330
"final_campaign/calibration/real/cpu/run_tune_faissR_ivfpq_fastscan_cpu12_inner_product_real.sh","46fa05795a714c0a1dc522f981d3da6f","d7847729b1b6c23395b0d06518a30936fa8a90c33134784feb405994a1e9010a",2346
"final_campaign/calibration/real/cpu/run_tune_faissR_nndescent_cpu12_correlation_real.sh","a237f7eb01873d9fcca77ee15f2acb43","5b5b88265cb9fcd13305e1ed72cce6081cd7f3db03bfc7d277b42412208b90a3",2318
"final_campaign/calibration/real/cpu/run_tune_faissR_nndescent_cpu12_cosine_real.sh","5ed872db68664baf6aa25b66a66664b7","2063760959ba4555c67ca3c4ebc0fb0d1158026a3793c470c4cb236aa0cc8e4a",2298
"final_campaign/calibration/real/cpu/run_tune_faissR_nndescent_cpu12_euclidean_real.sh","082c85feeee2b8f82ac8348aa5d8c1a3","1683d6b42debc47db798414de8b122653574b4521d3a40b0ef4f999d80a0951d",2310
"final_campaign/calibration/real/cpu/run_tune_faissR_nndescent_cpu12_inner_product_real.sh","a89335084d800883b47cf5b0ae72a1b0","9604bb296f64fbabdb9211b64477d3f335b7d33cf8537edeb781025347190557",2326
"final_campaign/calibration/real/cpu/run_tune_faissR_nsg_cpu12_correlation_real.sh","a209d7c41fe5e65158820036504404c1","69da07249c891fadf2721eeab38950f55a144b9e4135f0f67e7e6caf4c7e9c83",2290
"final_campaign/calibration/real/cpu/run_tune_faissR_nsg_cpu12_cosine_real.sh","500dea5bc794247bfb026678646b1257","70dd37eeba37333c8ab6c9cf5cc0eee246c4c5497b6cee4f77e06baefab183da",2270
"final_campaign/calibration/real/cpu/run_tune_faissR_nsg_cpu12_euclidean_real.sh","aad3d238a9833014e254cd74ae3a06c4","3fc33f1683efa4cf71b8a598b74be0240459661dbcf30a9a372d589c02e43762",2282
"final_campaign/calibration/real/cpu/run_tune_faissR_nsg_cpu12_inner_product_real.sh","f21d184c93f77f2247deba95c0b5afed","d4f170195a024490c7b5f1267944db604b0a4554a8bee1236797095fd3dd5279",2298
"final_campaign/calibration/real/cpu/run_tune_faissR_vamana_cpu12_correlation_real.sh","231705d1c814fe220c84bcda15ab44e3","b7f37ad02038155a12c9f71b61f27cdef4acba8beeb01879a8b3bb8f4bd4e5b4",2305
"final_campaign/calibration/real/cpu/run_tune_faissR_vamana_cpu12_cosine_real.sh","2d0cdbcc0d6a2e48aa08e82ba977e325","66c08cad6bf62633e706e62ef7d2d99bb43cec2e87fc81ed4249097763ba9a0d",2285
"final_campaign/calibration/real/cpu/run_tune_faissR_vamana_cpu12_euclidean_real.sh","d59fafbb00a87866a5cfaa7c9180d96c","8cded81a240b7c9de5fedd554155001615f16b1045466d01ab26e5ca4d1f7986",2297
"final_campaign/calibration/real/cpu/run_tune_faissR_vamana_cpu12_inner_product_real.sh","6a44a12c63cb252f6a09d945b9e241a2","be881a3f8db5b0445c5b374be6945aa79bb9f7ceac440f2cf3bdce6a4ae844d8",2313
"final_campaign/calibration/real/cuda/run_tune_faissR_bruteforce_cuda_correlation_real.sh","908598c0db3e995a90f9dbfabf334314","b458005dfcebdd171f8942405aafc6edc686d3053fd035b9fde80c3a01295b05",2348
"final_campaign/calibration/real/cuda/run_tune_faissR_bruteforce_cuda_cosine_real.sh","853f7316abba5020b1236d8252799df6","4752d0c9d997686ee72efcabfd310eac5084d55094deaa9fa8a121ff7a822374",2328
"final_campaign/calibration/real/cuda/run_tune_faissR_bruteforce_cuda_euclidean_real.sh","233ee519ec8842a5c32e24a1794ca3e7","46e04b71b72567b4d4fefea4a05da3b852b69f43d95b1b9fd06e4105f704bf03",2340
"final_campaign/calibration/real/cuda/run_tune_faissR_bruteforce_cuda_inner_product_real.sh","d5f1fff0dfbb3c28842bc8add559958f","db4ceb2832c6fce177804b3e6caf83addb054490329597952b9797de8975c637",2356
"final_campaign/calibration/real/cuda/run_tune_faissR_cagra_cuda_correlation_real.sh","bfc7023b231a65179b9cb9ba2d884be6","b2913bcc4229364739b8dc85709f6f84d049eaba45cb4e637029da54b27d9f6c",2326
"final_campaign/calibration/real/cuda/run_tune_faissR_cagra_cuda_cosine_real.sh","087960291e8f47d11479053eca9bf535","1c85d715dcfd3781f106517a587e68dd3422161d28ab626e911e19c90a63e223",2306
"final_campaign/calibration/real/cuda/run_tune_faissR_cagra_cuda_euclidean_real.sh","4279a9558980132f37bed0b782260e93","fb1f5ccbffdede7803d9406ea7e374dfaa337b725954be93f631c971615a6247",2318
"final_campaign/calibration/real/cuda/run_tune_faissR_cagra_cuda_inner_product_real.sh","c87b7c9f2a7e45725b2a9865b40caa2b","31009f3158b57fc5cc6e0ab4605b3d11a23372132beca69b83ac339a2d0d7c81",2334
"final_campaign/calibration/real/cuda/run_tune_faissR_exact_cuda_correlation_real.sh","74e9fffa6028819eb0e4fe10ef55584e","df4d9cbbac84d00f1c1fa3b5cfb077c43dfd5bd5519a21d1404818491f9fb41c",2326
"final_campaign/calibration/real/cuda/run_tune_faissR_exact_cuda_cosine_real.sh","71631d03067959d8e57934d507520f3a","3548ef7a2d2643a395946f3d3fdcbc66e9a755b3903c1001bdcea9a871eab233",2306
"final_campaign/calibration/real/cuda/run_tune_faissR_exact_cuda_euclidean_real.sh","7120564a9abfab4a716fb1178c947a97","c0f8d3fc6d80a13d3adce89b851ba1e9a3d699102b32cf82a263584d49176687",2318
"final_campaign/calibration/real/cuda/run_tune_faissR_exact_cuda_inner_product_real.sh","d781808fee3b8345919aa05faf97951b","837d81a2f3a88b4e161926a3628e81ed94217548cdf74ebf835c0bcb5d90ad49",2334
"final_campaign/calibration/real/cuda/run_tune_faissR_flat_cuda_correlation_real.sh","78810f94f5cc14979447146e9a9e41c8","2cb29c54be71737a6f8773c78c242bb6e390124f05613efafd5af639c5eb92ea",2321
"final_campaign/calibration/real/cuda/run_tune_faissR_flat_cuda_cosine_real.sh","b75b331483180afeb16df3e2f884aebe","287fe243c673c2426e0fe8b49cd4385ff3d23b86ac7649e2e6c77db7cd838a7a",2301
"final_campaign/calibration/real/cuda/run_tune_faissR_flat_cuda_euclidean_real.sh","285379a5c982558601dc7cbbc89b05e9","220c2efee158a05ac14fc8e77d1893ef830423e5f4d3ba0a6e6f422d87781185",2313
"final_campaign/calibration/real/cuda/run_tune_faissR_flat_cuda_inner_product_real.sh","dae0f9548f59dd2dbf354a228c063d62","f24376bba81b11d226e2d940c2fab5f9a140759db44c729d0add8f5d51b3b9d9",2329
"final_campaign/calibration/real/cuda/run_tune_faissR_hnsw_cuda_correlation_real.sh","2753f429bc836e65337fec97a0cae0cb","69663a56eebcb032ea4398ab99d0c23a04ff21fa268c917d1bd7a6ac128614b0",2321
"final_campaign/calibration/real/cuda/run_tune_faissR_hnsw_cuda_cosine_real.sh","01d4855b859f2c03ab99112e043faae0","2c00a75727276e2e710cca6093673c4066dfac4025839593861031fd2d9f12f7",2301
"final_campaign/calibration/real/cuda/run_tune_faissR_hnsw_cuda_euclidean_real.sh","fc5a482a8c2a94450c32980fba853b39","34f2c953d885c4fe36d3b7b9cf430caab0d57bef4da494c32f56250f91204950",2313
"final_campaign/calibration/real/cuda/run_tune_faissR_hnsw_cuda_inner_product_real.sh","918560b12b3c8f9f89dc97ed40414605","0adf4353fc8e6841966df10e79f0250e2fd601d7533f16769d2ba0610d195e5b",2329
"final_campaign/calibration/real/cuda/run_tune_faissR_ivf_cuda_correlation_real.sh","73d6f221ead671d35b7373141c351f41","29d3a1811b00bc98e4f3e2cf7c5e4d6c7e91a358cc823ca9a447e2671cc46e44",2316
"final_campaign/calibration/real/cuda/run_tune_faissR_ivf_cuda_cosine_real.sh","4e79becdf751bf5147515e826a258728","bcb8aac6ac5d03c8c3295e859de709b3e1bd98257d55d8b9c9b7c80aab100806",2296
"final_campaign/calibration/real/cuda/run_tune_faissR_ivf_cuda_euclidean_real.sh","02e00b365efe74b25fe46416f1f50d09","374a88e9635e940e9fce2484cdb050d5f5fcabbde2c3aeba4517213e86086150",2308
"final_campaign/calibration/real/cuda/run_tune_faissR_ivf_cuda_inner_product_real.sh","ba7e14b284e166fe0c352ef3e78bb0b8","e8e73e848c04c1c3bd5ce78257209613dd423aa3172c1032f3235d6698b45e77",2324
"final_campaign/calibration/real/cuda/run_tune_faissR_ivfpq_cuda_correlation_real.sh","18cdf8a61e0cfe7c59a9ce897feeda7e","f188a57ccaa10189ede7c42ae753d8a3603b2fba7c2aced12f5387ed609bd329",2326
"final_campaign/calibration/real/cuda/run_tune_faissR_ivfpq_cuda_cosine_real.sh","93f5cb00d2041435b29f401f9c901b5b","b2119e7c149c2aa0647a6fddfbafcb3f6ed17128275bc89d06d6aa686cd53063",2306
"final_campaign/calibration/real/cuda/run_tune_faissR_ivfpq_cuda_euclidean_real.sh","a70924d84fd3995fba57998dffc001be","748461d85f8411dfe5cea740c3b1d3012ab17c9f965b56970f0b1a0b5355ad1c",2318
"final_campaign/calibration/real/cuda/run_tune_faissR_ivfpq_cuda_inner_product_real.sh","f99c1c7831f5ad1bff45c67997c70b3b","8977b0e0a83e30ac0470635a0da5f6969ea5bddf0bf47d797a6df543f5fe3017",2334
"final_campaign/calibration/real/cuda/run_tune_faissR_ivfpq_fastscan_cuda_correlation_real.sh","f81d660ddcc3b26bf86c21ce9621130f","b2afd96df72f251db49a7a3819ef01012684bdc6b4589f39427be380f6af67cb",2364
"final_campaign/calibration/real/cuda/run_tune_faissR_ivfpq_fastscan_cuda_cosine_real.sh","bf2120fc495432ff7e8a666802d52f28","9fdfbf48a5228f11d70c98d29350880966acb41ff898d7856b77ecc5cc1dd6ed",2344
"final_campaign/calibration/real/cuda/run_tune_faissR_ivfpq_fastscan_cuda_euclidean_real.sh","0fd1a15c7dd5eb33b0ec0ce26e5aa59d","27db4ff82986665757f2ef430c5ef655ab0b37960f2694fa8be6babc0208bf89",2356
"final_campaign/calibration/real/cuda/run_tune_faissR_ivfpq_fastscan_cuda_inner_product_real.sh","094b45f5e2f6945a2963ad5a8b708a4a","1cf61a0cd04cf2901a9941846bcc0898a400444247fc6d66387d5c54f8bfaf52",2372
"final_campaign/calibration/real/cuda/run_tune_faissR_nndescent_cuda_correlation_real.sh","d9563a6e192205b050c7d664ebabaff1","779acb6ed4a3f779d1de8f5ee60a49e8fe40f5537cc339c8a81b35ed7e1c19ff",2344
"final_campaign/calibration/real/cuda/run_tune_faissR_nndescent_cuda_cosine_real.sh","9effbd67f37e9ec57d5129f1a2a62bf5","303a72686eccd3244c494b60e89ac9d801a2cabb20c0a8f0c7865e5985dbe96d",2324
"final_campaign/calibration/real/cuda/run_tune_faissR_nndescent_cuda_euclidean_real.sh","4b1bd98ec163177785b26a5172b983c2","e61c0833419892ea727b1527591280a612c350cb3b03d9d2572037e8ff05b228",2336
"final_campaign/calibration/real/cuda/run_tune_faissR_nndescent_cuda_inner_product_real.sh","14b518b0b29722b11959efa81cab072f","4de7644dc40b67257ed29b792072c304792f27f00f7a93a6359aa78b192a977c",2352
"final_campaign/calibration/real/cuda/run_tune_faissR_nsg_cuda_correlation_real.sh","41f9b5f101e8cb0570468e3d291cc897","fe51904893401e9dc9fe7015732a8de655407d28daf1cd8a46527cb8686eba14",2316
"final_campaign/calibration/real/cuda/run_tune_faissR_nsg_cuda_cosine_real.sh","312ca00115327156f8c5479ee391acbb","2ccd7f57da0ab0d36a62e6ac55d6efa049380ff06f2c5b1de4e67f655fdbb0dc",2296
"final_campaign/calibration/real/cuda/run_tune_faissR_nsg_cuda_euclidean_real.sh","aa759f706baa265af95227512b495eb5","3a84023877ba238754dc7485404dae931fb6c540203344e09323095970418670",2308
"final_campaign/calibration/real/cuda/run_tune_faissR_nsg_cuda_inner_product_real.sh","7cfb825b75aa65a3899aa6eb58b45ea5","10f08fd2fe0040b70ea9a573d008e6321dcfa993c4dcd23c1e3606106b58701c",2324
"final_campaign/calibration/real/cuda/run_tune_faissR_vamana_cuda_correlation_real.sh","24a7d341778f7847521ed68932e2b650","d97cbf480e4e0daa78e3e05879eccd7c404ef17aee92ac76737af18d3d958e30",2331
"final_campaign/calibration/real/cuda/run_tune_faissR_vamana_cuda_cosine_real.sh","65b2ae6331917c9f626eb9598ae3ea2b","3298b8a17acdae5e96de752e826edfc40b95668ef0932d98c0a97e8c639147fe",2311
"final_campaign/calibration/real/cuda/run_tune_faissR_vamana_cuda_euclidean_real.sh","ab801cb10ff2c59565f2df82f79e4a19","78476e4c6adf3a2973cfbe3342b3ea53910d2b4fba2e9ff6a1573333c5b2fd68",2323
"final_campaign/calibration/real/cuda/run_tune_faissR_vamana_cuda_inner_product_real.sh","d6c4b7a2b6d84b233db49feed5c73977","2fb1e1817099398ca39a829111c2a6e87994c04d27a8f184ecc156eecfa4eb73",2339
"final_campaign/generate_launchers.R","4d1ff8ca91f079746354fc6d85186f1b","330f20e89fa8bdbcc91cfad7128b211ff57581742f0ad3e982f55c0c1d6dc1d3",38786
"final_campaign/held_out/cpu/run_BiocNeighbors_annoy_cpu12_cosine.sh","b4efc61a7a94de85e47dda180d2c0bac","0aab135c60e9ecc1e3a7fb1b963f1e9a3849c1bc0b6056a4554fbe235749727d",2841
"final_campaign/held_out/cpu/run_BiocNeighbors_annoy_cpu12_euclidean.sh","08e349c4d8622098341b3bed1b188141","966bce8b9c5e7bbe5dd6abccb77d49d65bfef774902f7e74a2c201abd3c05314",2853
"final_campaign/held_out/cpu/run_BiocNeighbors_exhaustive_cpu12_cosine.sh","288ff15ebdf1b6449765be8c426f1240","ef52c7010723c94b386789835bb70091ac7f6c0215443ee42f1dab97fb116796",2866
"final_campaign/held_out/cpu/run_BiocNeighbors_exhaustive_cpu12_euclidean.sh","f6a1d1a264e4de057f02c42f99cfd9e0","1622f7ec2b0a19d8f820da2cb861d7cd412e65c3ec1beffa89a0cdb1f92fe8bd",2878
"final_campaign/held_out/cpu/run_BiocNeighbors_hnsw_cpu12_cosine.sh","fa17aecab45d974a39cac9b62f4289e0","6591cf173777cf010bc8acbb5c49f47d4c13c5f0c29b58ee031493017f6a08bf",2836
"final_campaign/held_out/cpu/run_BiocNeighbors_hnsw_cpu12_euclidean.sh","08ab0449d32201c46d6a00df9f59683d","67a640d4ec6344868ffd5166648120df2fb34ddc703e90770195199dd3e9a51a",2848
"final_campaign/held_out/cpu/run_FNN_brute_cpu12_euclidean.sh","a522249a35c25230e99aa1585876dec3","a8f44a993ae91294c400056d4559dd3e382cba35a24a2d55a747716e500d4767",2793
"final_campaign/held_out/cpu/run_FNN_cover_cpu12_euclidean.sh","d73892504888922835c2fb1816b6bef1","07b7b27a49558fcfa9844796f0695bfd54f8a1848cb3192fdefb3ea335520647",2793
"final_campaign/held_out/cpu/run_FNN_kd_cpu12_euclidean.sh","f3e1e74964c6bcf8ee79cbda9455a40d","8dfd02a3f122df456b1140cd82450706879263b168f3082f4de0407517027197",2777
"final_campaign/held_out/cpu/run_RANN_bd_cpu12_euclidean.sh","083526ff6e67630ee63c11f292d17e01","3287056b7d008a64043e5a342a1c60dcc5850bae8fa38f2e5b17d9c7412c3185",2784
"final_campaign/held_out/cpu/run_RANN_kd_cpu12_euclidean.sh","8657f6ead548b2c09b94b92910feaccc","00f33852e7dab33a52242dd3d23474e04b0becea301555983adea9488c30eb2c",2784
"final_campaign/held_out/cpu/run_RcppAnnoy_euclidean_cpu12_euclidean.sh","7458ba577c5f00d1f5823881299ca2b6","31a07c4c7a468608b37ee38f56794fe9bdd7aebce2e32dcab7e54c76c171ef3e",2849
"final_campaign/held_out/cpu/run_RcppHNSW_hnsw_cpu12_cosine.sh","705331abce172aabf18f06f59ae7136e","7c6a2d9f0e63448c0756424330856a54aae973a151dac03376d9e673038de74c",2806
"final_campaign/held_out/cpu/run_RcppHNSW_hnsw_cpu12_euclidean.sh","0eebf0b47e07ea68094b2b6e609ffc7f","ca99ebcf7d7cb12388fe18920237a9ac7201b80d3d5af7987ed39e9a155d5eb8",2818
"final_campaign/held_out/cpu/run_Rnanoflann_standard_cpu12_euclidean.sh","1da1e142b1006e3c9e48622e35aeffa9","71c1f0f4981e5da3e18b74326deefac6b6118b32e20af0097fbe0ba2884c9772",2850
"final_campaign/held_out/cpu/run_faissR_auto_cpu12_correlation.sh","271ac9eb212624f5a5f868cd982fc432","802181ca41010216028bbbf817f271c2025caa3417eb28ed636f5f669fb9ad13",2813
"final_campaign/held_out/cpu/run_faissR_auto_cpu12_cosine.sh","802ddf63ab7319d4cb79a5e4cb15ed8b","2315084c5a82c7ab6d0803ca8b541feb8a949696b0ab5ab66bddfd2b72149a30",2793
"final_campaign/held_out/cpu/run_faissR_auto_cpu12_euclidean.sh","b82057074bb8fe96635b1f188f18c794","a1cc0dc2c4a461dd7ca8b03c8011eb64206aa13fef996ef8d80a5b027507252e",2805
"final_campaign/held_out/cpu/run_faissR_auto_cpu12_inner_product.sh","6c02398a68dc44aae772668402247ebb","ed8dfb55f1f1e8aab3050fdddcd1208aadd37fd426d3e77d9af64b9459efe786",2820
"final_campaign/held_out/cpu/run_faissR_bruteforce_cpu12_correlation.sh","76c739da22eb9a5a8e82404a21457596","4b435c9efd068cd794a0b95909dd9a65a7af6acb8352ef92fe0ebeab22e676ae",2843
"final_campaign/held_out/cpu/run_faissR_bruteforce_cpu12_cosine.sh","17a459df98e87da4a5d1d9001a6a52f6","cb94c9c632e0d01213f895561a87082d637f69eddba52de055bdd63845686173",2823
"final_campaign/held_out/cpu/run_faissR_bruteforce_cpu12_euclidean.sh","dca7be44d395d8d0d2290ba22d288112","d9329cd4d29a22879c6e8f8d806a64b8cf4e9beb8cd5aa6302964ce78aa40529",2835
"final_campaign/held_out/cpu/run_faissR_bruteforce_cpu12_inner_product.sh","965be4937319d2919592acc1d2968a41","4ef438c34c2d2ea649bf4d31db83b163c6f605fbd6885370f80ba21bf3fe73c0",2850
"final_campaign/held_out/cpu/run_faissR_exact_cpu12_correlation.sh","73f23ad885cbc665947b1e45ae76d51c","602615d73c759a09c72f259cd350f0f0ba32595c5fee34972a33fa650af12789",2818
"final_campaign/held_out/cpu/run_faissR_exact_cpu12_cosine.sh","cb3e51d595d211aae772d46fd4298359","b8ac0b10bb5d0da7a49e21cc29c878325b7ec4898890d791eeaace46d4d9369c",2798
"final_campaign/held_out/cpu/run_faissR_exact_cpu12_euclidean.sh","9973854a6049ce9b608d913a90699103","0ac185862d544184d216ae95cfd1adae3557374cc5c31d929a7347df1f6c76a2",2810
"final_campaign/held_out/cpu/run_faissR_exact_cpu12_inner_product.sh","f0e3a394538dc3ccd42860a9d262a543","2d51f0bc914519a0dcf12907f889b9af85f3333491922b974e7eb994ff600f20",2825
"final_campaign/held_out/cpu/run_faissR_flat_cpu12_correlation.sh","1eaf0dc8968e2111076d2b929115eec0","55bad6324c0cbb49dded4415c2a4f51dd5fc85864508ab01e0e3191ad68d5a61",2813
"final_campaign/held_out/cpu/run_faissR_flat_cpu12_cosine.sh","8223880b331e3e85c820f8fe118bd4f7","78d1a60d9f47e028f9bc19ddc02e5362e54aec71b10a23e6bd374cb7a7a05695",2793
"final_campaign/held_out/cpu/run_faissR_flat_cpu12_euclidean.sh","273a787a5da2932c4ecaa52bfedaccd7","421597e1da8d8fd4e3cb87f76c2c097e96c9c15452d2b03cf74779da38d4a2ff",2805
"final_campaign/held_out/cpu/run_faissR_flat_cpu12_inner_product.sh","693976c89d8b71cded8c8687b98ec987","b24c5328db6e968e8c1f041f2028205ac9a2f2d62313cf5ca18df2e953c1ea28",2820
"final_campaign/held_out/cpu/run_faissR_grid_cpu12_euclidean.sh","37fc0cf09988693c1bf6f543e2b71893","592b7028627a21627259e06a77213fc0cfd360006f68e69bc5c7507c41079f33",2805
"final_campaign/held_out/cpu/run_faissR_hnsw_cpu12_correlation.sh","243fb55d2f6dab7e3a378033ec7d8839","a504bc734a2b45556037ed363d5b31a9389a771b484877d61544d5e44f324e17",2813
"final_campaign/held_out/cpu/run_faissR_hnsw_cpu12_cosine.sh","b6f5424289b3c6582dd6beb27f193faa","e61d40fe68db7cb9fcb621a2599161a4b5bc82fa5a018697ef152c0ea19c1538",2793
"final_campaign/held_out/cpu/run_faissR_hnsw_cpu12_euclidean.sh","ffeb2269d4b562dd5c58e85f1eaa309b","8cccad670130cdbfefe00d02ec2789050aea953916c02bbc7c843d5451ca8e8f",2805
"final_campaign/held_out/cpu/run_faissR_hnsw_cpu12_inner_product.sh","839d36ac58b62683c4f8fcebf66383a2","00652617bb15392d0574e35b8254de5bb30c1f60dd5161696ca32fc6d3df8671",2820
"final_campaign/held_out/cpu/run_faissR_ivf_cpu12_correlation.sh","16989b1a238d801d72920969901c149c","b2aeb047a8b452fbc21e155d0e1ab302414c1b1bdbd324dd5bc09053caae4be1",2808
"final_campaign/held_out/cpu/run_faissR_ivf_cpu12_cosine.sh","3a63102c81b32a8ff25cee0d26262ae8","07aa599728cae9addb89e04fcb440519eebe9fdbb446bb463c77f620d9230860",2788
"final_campaign/held_out/cpu/run_faissR_ivf_cpu12_euclidean.sh","b4912783c449ce52c62ce4e9360dc0ff","1ea75c8d53fd351607af39ba5fe335e7fec16ca55a19c6c9c6f98e028d80ed19",2800
"final_campaign/held_out/cpu/run_faissR_ivf_cpu12_inner_product.sh","96d66537915254fcc0e2a816f387fec1","5418ccaeb8c4923c7ca80adce1df007545c706a228203f73a555b280c3260ff3",2815
"final_campaign/held_out/cpu/run_faissR_ivfpq_cpu12_correlation.sh","707c93cfd1bb383fcef906d2c52a487d","07a9d4100dae52f0bc6a4452d4b1368cb0c62b1db48b7516da5c4236ef64b4f9",2818
"final_campaign/held_out/cpu/run_faissR_ivfpq_cpu12_cosine.sh","8aed2ada60ea8eb2ebfd5f8d3baa4d7c","6007225cd0d8ba0242d5a4ad7d3b06bcc063ab87cb492868c16353ce829564f0",2798
"final_campaign/held_out/cpu/run_faissR_ivfpq_cpu12_euclidean.sh","61e5a1273054f3a9170f13145610f8a1","49badbed6c909ae336876ff5e97939d12c255e7b52b706841fb686fb398ffbbf",2810
"final_campaign/held_out/cpu/run_faissR_ivfpq_cpu12_inner_product.sh","4eaaa81b9e2b077f376a862762f12d25","e82ce2724392b202e02b4ff0ad7d1c5f69903e0d4519184563d2818501b9a8c6",2825
"final_campaign/held_out/cpu/run_faissR_ivfpq_fastscan_cpu12_correlation.sh","e7ce5167b55cc9a080a095db3fdf0bba","00eb78cd20f0ef4a0efc9f5ee36df9e9cc96b31aae4a0a62da15c4a5fddeadce",2863
"final_campaign/held_out/cpu/run_faissR_ivfpq_fastscan_cpu12_cosine.sh","891cfa4dcf91aa85d31afdc2763793e0","5dc009789046886e772487b2c3739c3c6494a0f634a70910155947c479693448",2843
"final_campaign/held_out/cpu/run_faissR_ivfpq_fastscan_cpu12_euclidean.sh","c0a606f08667f1f2b8abb121a4fdf874","9a52575d1008aa80cbb3f538f5336671e21ef87721881170266d3ba16b23a20a",2855
"final_campaign/held_out/cpu/run_faissR_ivfpq_fastscan_cpu12_inner_product.sh","ee3aedcefa1584769a0af71552a84214","ffd79c62ea1713e3b4dc579cfc38863587f8dcea1c76159b97241bc06da1a9a3",2870
"final_campaign/held_out/cpu/run_faissR_nndescent_cpu12_correlation.sh","d90571a0111845c8a15bc4cccce2072e","fb549459086c80d8a75236f14570734b4ded7ed0098fc5d6f76e1d6ad3749f35",2838
"final_campaign/held_out/cpu/run_faissR_nndescent_cpu12_cosine.sh","59f71798297aadefb9bc43e1000f02b3","da271e406b905f6d811e1fa19d572e790a8854309835f8c8a8b8eaa3f8160162",2818
"final_campaign/held_out/cpu/run_faissR_nndescent_cpu12_euclidean.sh","22581f632a6b10ee1b861c2f8d2260be","c78ae7e1016140246a949a50fb1b0717be1f96789bf62d9093cf120ab964432a",2830
"final_campaign/held_out/cpu/run_faissR_nndescent_cpu12_inner_product.sh","a8b930f133eecb61d607ed6a3cacb453","d142973340112f973edf79113363f2acd6ecbe428f7304d241d7bd46899561f9",2845
"final_campaign/held_out/cpu/run_faissR_nsg_cpu12_correlation.sh","985c68b73b171eb7c1df472ca1e8b12f","647b05cc36677e0fb9d42a9416d9e6dcf5f019f44d54407123860523bcada09d",2808
"final_campaign/held_out/cpu/run_faissR_nsg_cpu12_cosine.sh","499032d21946bb40bebe2514c970a60e","5ffca0fd44a014fd20578af56490ab2e5578bfe341ddf2d6083d7f442932c2ae",2788
"final_campaign/held_out/cpu/run_faissR_nsg_cpu12_euclidean.sh","9bf7ae30d260fe86a5223891d0df7147","173d70ced2887e067dfe71d738c2164a96f9d652b9bd43b042a349070961b4ff",2800
"final_campaign/held_out/cpu/run_faissR_nsg_cpu12_inner_product.sh","49de8d4b178e4ff95128b3bd390dbe30","18fc741c1c2f7826fe2779025980855a2af3935a5ef7c4251e87823bc4c68466",2815
"final_campaign/held_out/cpu/run_faissR_vamana_cpu12_correlation.sh","1ba7bd4942dc064b39869171fedbda85","61ecb607b73b527ad468ffb9372d3c4304a7a4d1cb5f90fbecc610783a8f2044",2823
"final_campaign/held_out/cpu/run_faissR_vamana_cpu12_cosine.sh","d6d3e4a62a71976ac7ad5b917a9d96a5","e282485676239b3c7c097cbbea1ff476351e2be7e0cde138454f0e3b2cfb402e",2803
"final_campaign/held_out/cpu/run_faissR_vamana_cpu12_euclidean.sh","d290f9a35f4989cffe80dfd59ffb61a8","3726bf0625f892308a435234eb1c22e843dea8311f6d1ecc272ed5ee3ed3f3d8",2815
"final_campaign/held_out/cpu/run_faissR_vamana_cpu12_inner_product.sh","288ee3744f6f7ce4802269e9f76916f3","4d5cfdff94fdefd8d8c4ae3ca737f175a456bda83d706cb6443744b944e8a98c",2830
"final_campaign/held_out/cpu/run_nabor_auto_cpu12_euclidean.sh","297fbd6530ffaa5c95084007503a9209","a6694e01e5444abaace96e42c852b0d461dd2433461f8ba53c5cea4f3d54d460",2800
"final_campaign/held_out/cpu/run_nabor_brute_cpu12_euclidean.sh","49461924568bef2d54d3f89371a97a4a","ecf9a2d689467cda7945e9e730d1188a1f1a54f7ca91ce6ad1039a13fe76458d",2805
"final_campaign/held_out/cpu/run_rnndescent_bruteforce_cpu12_euclidean.sh","fe630f14387a7561fcd9bb95f5388a8b","478fadd491bc48e16ba268537e15aa38ea0c1b2fa3fd9745bc92953c34ddd2d6",2860
"final_campaign/held_out/cpu/run_rnndescent_nnd_cpu12_euclidean.sh","0836d2c95654add312aff3fd02c010e9","a826468fb5b858fd0b53f1789f4b4c0bb116d5903141e3eb462cf00f423ed173",2825
"final_campaign/held_out/cpu/run_rnndescent_rnnd_cpu12_euclidean.sh","235027c0884e8fb0c540d9571e062088","3623451bd5edf0b74d6f18a82ef922d8b922bece25675f6a7c6589b4798feeb6",2830
"final_campaign/held_out/cpu/run_rnndescent_rpf_cpu12_euclidean.sh","f981e96b247370cf25371a92d8cd93e9","13a71dda540c837fee9fa67dec7b3e9a6b1291af013c05e57d16d8baf76cf5a1",2825
"final_campaign/held_out/cuda/run_faissR_auto_cuda_correlation.sh","02dbca5acc00cd4d1e804e70d08bdeff","82ed5a84e2a44ac55410b8fb98a09292e41ac59d2fb088b8a07eef3764a15f87",2840
"final_campaign/held_out/cuda/run_faissR_auto_cuda_cosine.sh","9223f61d22e02f4e970500f95218a469","e72b88d770113baf027436d8abf5783a61573b94a27f38c6af738bcd80d10a4d",2820
"final_campaign/held_out/cuda/run_faissR_auto_cuda_euclidean.sh","df366c8d9f2493e85534d294b9b0a897","089fb94ff39c6980a337df14bcc89d138fb4e451ab61c1b6a7ac247f548bd515",2832
"final_campaign/held_out/cuda/run_faissR_auto_cuda_inner_product.sh","6e4eebb3abf44b5714d8a35e918d784a","6709f28f5206c55eeb1daa56d2c3ed233617d79c14f7ef3f44d30aec66cb7d6c",2847
"final_campaign/held_out/cuda/run_faissR_bruteforce_cuda_correlation.sh","e1b8f09a3f744db494dff0f530d7a119","8a2c2b6705cab59cba68274b9d8d23f1055d13528265b6c966fe2e74cce45457",2870
"final_campaign/held_out/cuda/run_faissR_bruteforce_cuda_cosine.sh","619b80960ecf1eb2fb46d52ab4e0d437","a045365738d3f74ffa4c3286f53043e33f385d14d334db829c576a28473df10b",2850
"final_campaign/held_out/cuda/run_faissR_bruteforce_cuda_euclidean.sh","feb80e0768e127d9e31771303e7fa63c","f957b2ab24b56a430fd5cf040e91d3a8b21393488766ed526602ff8e75953629",2862
"final_campaign/held_out/cuda/run_faissR_bruteforce_cuda_inner_product.sh","c2247331a6b6ab975004df86c1fd9c94","916d5216dfd88ad26b3401ad7d48fd74f65795a2d493a49ca466b2c16908e144",2877
"final_campaign/held_out/cuda/run_faissR_cagra_cuda_correlation.sh","90a7ea0486bfb7feb5b36135d5a83196","39b00b238033603a147320ff6bed2f6cc4511e337a42303ed3af05fa538b9294",2845
"final_campaign/held_out/cuda/run_faissR_cagra_cuda_cosine.sh","350f076257996ed295b616d8d677e008","b0a8e93e5bc1da5495d730f116d25b0f0395c13873dbc5e061ca73055961f18d",2825
"final_campaign/held_out/cuda/run_faissR_cagra_cuda_euclidean.sh","a9cccbdb8eb8ae0c6db344a78f7fbbcc","6293735e24cee56fa7bdcfd638beed799a1de8bc3440a56df021a500ccae5e5b",2837
"final_campaign/held_out/cuda/run_faissR_cagra_cuda_inner_product.sh","21ca5de42319f8b83623f0fcd567aa8a","6650890461d2a8563918879b6780d1dc33b5ec6a4d0fbd4a4ff0e3ae8af04551",2852
"final_campaign/held_out/cuda/run_faissR_exact_cuda_correlation.sh","5f587b40065988c73b3dc6eb6fbf7b68","eb00c398eedf169d19857dfb33d8094229f07234b8d05516c10f02975db25c09",2845
"final_campaign/held_out/cuda/run_faissR_exact_cuda_cosine.sh","27a37c00434d5546d9ba00b62310fd05","c7039f4d078c371aa69affcc395155f48963b01b43d8970a5f56ef4e6c94034a",2825
"final_campaign/held_out/cuda/run_faissR_exact_cuda_euclidean.sh","6b7fa67c4d952455b439087cf8c82478","264eb3499b2d2da2da18330e42818c6c1f5ee5080af60aca577b16e65207a75e",2837
"final_campaign/held_out/cuda/run_faissR_exact_cuda_inner_product.sh","cc5e3c60faad111e3eff80eaf73d0d85","20562fb1da169f4d72e0410308f714419cb9203476c8e6b2dc60cb3e3a4d40b1",2852
"final_campaign/held_out/cuda/run_faissR_flat_cuda_correlation.sh","6f3c6f4d4144e918cd8733dfe98729b2","006dac4dcf782704ddf02e2b5a9d0952e8c7902d68a2446c004bcda2bd3e786b",2840
"final_campaign/held_out/cuda/run_faissR_flat_cuda_cosine.sh","86d5a0e3e6967b0342f37013e56d0b56","c4dcff30a814dfa0e64cedfc035c000a8adb3900480e746f3e917be5e7af193c",2820
"final_campaign/held_out/cuda/run_faissR_flat_cuda_euclidean.sh","bbf83619fa925a65a95e5ba3d831ca7b","619ed7cbe512f067c23a257daf6c0ac7826f7fc632d2146a4a0b76ef8c1f81f9",2832
"final_campaign/held_out/cuda/run_faissR_flat_cuda_inner_product.sh","939a0efdd260650ba21ae9cf41f5a1c4","9449d6c3289e68c1df45fc6f57817df01468ef4a9bd8662963f47adaee99b617",2847
"final_campaign/held_out/cuda/run_faissR_gpu_resident_auto_cuda_correlation.sh","aeaa6b3e5f9eff10be0ccf72dcbae2eb","d364ffd0d1fa75e5ab5111b46c9d381192389264cbae220804bf03181729e83d",2905
"final_campaign/held_out/cuda/run_faissR_gpu_resident_auto_cuda_cosine.sh","324307714b69c4f459afb68a6112baab","98543bc336622cddbc69a23a27184626424c519244706fe57e6a678a9616d8e3",2885
"final_campaign/held_out/cuda/run_faissR_gpu_resident_auto_cuda_euclidean.sh","8f83dfbaabf7f19ad3c203ce74edcf07","3e745d0b8ae6741216429dcae4e910713ed62e3e15c534c7112162c544020cf1",2897
"final_campaign/held_out/cuda/run_faissR_gpu_resident_auto_cuda_inner_product.sh","9690cd7f0488372697a84f916aafdbfa","dfaaaef1850f76e600b45c5d856c876f2111c24c0f6566fc12bf1c2d1e3589e1",2912
"final_campaign/held_out/cuda/run_faissR_gpu_resident_bruteforce_cuda_correlation.sh","acbb23babbe251414904944138018171","d871cd4a6c1a6ccfe4ed25191b868c61c6198c7f60369f90db4f95323f94ec79",2935
"final_campaign/held_out/cuda/run_faissR_gpu_resident_bruteforce_cuda_cosine.sh","749c4ab309df71f8188f71fcaa336cd7","0aa42c2362d4ed08efefe455f229e8829ead980d1db9cff449920b846fbdf16f",2915
"final_campaign/held_out/cuda/run_faissR_gpu_resident_bruteforce_cuda_euclidean.sh","e18d5f8c9ffa2da9b9fc20cc6c618368","45861cf91e319b8d3832327817fadee8644f7a960c1d5136666f878426426a93",2927
"final_campaign/held_out/cuda/run_faissR_gpu_resident_bruteforce_cuda_inner_product.sh","355f2e475745bf0b26869972579ab11f","a13fadd9055af65a6c307be3696cb6b67e81d233d72936d18f2b22b0211fa41e",2942
"final_campaign/held_out/cuda/run_faissR_gpu_resident_exact_cuda_correlation.sh","04f12192fd405354afaf3ba264258f84","37a009ac529e3ef5f73fed75cac3afaa4f9c9ddd824a3f6c7fcb466d2ebb5585",2910
"final_campaign/held_out/cuda/run_faissR_gpu_resident_exact_cuda_cosine.sh","692c27bdf937c0d82cef411cc0706466","75fb7fb09e2de3b4ff9283b0afda9c8ea5a8ea693321ab1f60354dae8d10e539",2890
"final_campaign/held_out/cuda/run_faissR_gpu_resident_exact_cuda_euclidean.sh","e371cc5446c29c01c9e27020ed1d50d7","afa49eafae8935ce49266e96a06374dbe2a410459243d4d4b4913bc1d219f85b",2902
"final_campaign/held_out/cuda/run_faissR_gpu_resident_exact_cuda_inner_product.sh","4fc4d5d595025f193f48cb9f9e3e7240","6f42fa034d15e5cae02e9ce0db091e84f57349bb8e3cea2c99fd64857fbb46fe",2917
"final_campaign/held_out/cuda/run_faissR_gpu_resident_flat_cuda_correlation.sh","515d008a2042e64a034f764700ca9bcb","d15bd157586ac3924d1f81a8cb61d33cb6e3394f2d2af62f780ea109c93935ab",2905
"final_campaign/held_out/cuda/run_faissR_gpu_resident_flat_cuda_cosine.sh","00ca11d5405d76fc9274da7359aa5ef2","c0a47450aae3f46af0fd590ef6d6f31b32ec0fdd45efc20a4570f1421ee8a8b9",2885
"final_campaign/held_out/cuda/run_faissR_gpu_resident_flat_cuda_euclidean.sh","ea00520642fedf6dec222e259a5445e8","456c563045ac6c959f656f0ea6a2f95447d6e8e57a5461a907f3bc838eb9b4ea",2897
"final_campaign/held_out/cuda/run_faissR_gpu_resident_flat_cuda_inner_product.sh","9f85ca2ad82088509eb2fd666368b1c4","3d086ba879f43ac341c0941352b11b24a28430ed80050c0fc2f26355817b9ceb",2912
"final_campaign/held_out/cuda/run_faissR_grid_cuda_euclidean.sh","b1441ee61e4748f4b9b64070d440b44c","1e31dd9f45cac88fa0eea85d89dafed1587cdc247e3d10420fe4fef7eed4a523",2832
"final_campaign/held_out/cuda/run_faissR_hnsw_cuda_correlation.sh","f40d4013b2af5ebd8d3ffbe008233940","fb0c8c51af1aa98855ebe4047ab2768e7d3cc71390d21afa906bbc66af5c41c5",2840
"final_campaign/held_out/cuda/run_faissR_hnsw_cuda_cosine.sh","89efe2f7352f91052dfaccb42d094af1","e0f48a09e3c1d95058db34bea37d17af635db830041b71f0addb92dd1c54c254",2820
"final_campaign/held_out/cuda/run_faissR_hnsw_cuda_euclidean.sh","59139a8c7363c621b508e0da15ac13e2","0d39a2eb919ac2c12254c4091411398636a45ad5e580d844748a64165d01fd32",2832
"final_campaign/held_out/cuda/run_faissR_hnsw_cuda_inner_product.sh","d51b01d245e7a3d8d819954db840438a","65b3f79a3802b2709b50c02d171ce44c9a2e26e1a32f271ec13fb18cde9f8074",2847
"final_campaign/held_out/cuda/run_faissR_ivf_cuda_correlation.sh","4b3557b92c0861f96d3e77f106115d2c","8b1c95a439c94f5abd2029cda23c7e09777ec15efc56a7e9b03dc3e8f1bcf592",2835
"final_campaign/held_out/cuda/run_faissR_ivf_cuda_cosine.sh","bb73e5c9dcc90d9b35e162ef9842a0e8","ff35f397506d4bc60865b7dcec3b4bf6a0846288dc2a54c3e4ba8140284b6a7f",2815
"final_campaign/held_out/cuda/run_faissR_ivf_cuda_euclidean.sh","2b0c1612c905bef6b16fc0de003086a4","c01324e4a87cdbd49c4c9e7350a5a0b47e6330e120d509a7810e457f4e9261bf",2827
"final_campaign/held_out/cuda/run_faissR_ivf_cuda_inner_product.sh","90c6ddf4f823e6eaa7ddd70779c168c0","c8e19bb2aa46962df9af3c8a87f18e517996efe320f54b7d074b7ad2bb7d737c",2842
"final_campaign/held_out/cuda/run_faissR_ivfpq_cuda_correlation.sh","dce87114070245e23c739461d3d30abc","e0d91e4a9044ccb629e5e127ac3c1f30c244f72b20a589504b75a52197be7f5d",2845
"final_campaign/held_out/cuda/run_faissR_ivfpq_cuda_cosine.sh","585ccda5500b26a8db45a1f16eb27553","03d133f08be0872e9e7f17de14e3364601fe10a51029592cdb7618e680c5d52c",2825
"final_campaign/held_out/cuda/run_faissR_ivfpq_cuda_euclidean.sh","54f63adca9acb8428f80b3dc3348dae8","523047e1b738bb455772d404d0de5e9dcdf6d10da7a210e9c1f3faf8530e7178",2837
"final_campaign/held_out/cuda/run_faissR_ivfpq_cuda_inner_product.sh","0cd916b4dde12f59c4763accfc3762b9","7160b0a6091b4dcb6d99377098b38b35b82a8d139e64dc0b9e10d2650e1d759d",2852
"final_campaign/held_out/cuda/run_faissR_ivfpq_fastscan_cuda_correlation.sh","b02c8aa90b51e2d0fe672947b138cc08","5de3df5aa0c8e3d5c595d324b724eaa65e28051371ffd61bbae0fae2d7b19463",2890
"final_campaign/held_out/cuda/run_faissR_ivfpq_fastscan_cuda_cosine.sh","c8ac7cc71daa0ad8398b250127db94ce","fe29a9f71205f91b9e9ee8eb4f9ea5e9aee56e7df36c38e85d6abcc7484fef49",2870
"final_campaign/held_out/cuda/run_faissR_ivfpq_fastscan_cuda_euclidean.sh","abcb3ab52a6cefa51b714c9c91fb3e11","74d0bc3d47dbbe132cdf48e0d563beee661c7c3dea75e0f4d9a3e4a773521ab1",2882
"final_campaign/held_out/cuda/run_faissR_ivfpq_fastscan_cuda_inner_product.sh","72cbf9bd611445e221f4fa8e5f00d03b","33f6fdeb6f71c0432fe10ef40669c8a0176f27c8cf675256da876d5f414583fa",2897
"final_campaign/held_out/cuda/run_faissR_nndescent_cuda_correlation.sh","4a32b9fa3525da28c18e84c74422fbff","2b66ece91fecabfc8ca9c4b30503f4f113fc99b9da8e19f7279170f70fb113a4",2865
"final_campaign/held_out/cuda/run_faissR_nndescent_cuda_cosine.sh","b7fdfedf9c8a028a1a9b42e57b5f8608","0b58c364b8b09e6274542f9b1561bd70f81f176066c58f9db8f42804c28dfec3",2845
"final_campaign/held_out/cuda/run_faissR_nndescent_cuda_euclidean.sh","7c22dc3196aa3e7d7c3f9f84b6d1cd43","bb31e0b2a6cc14290afc3e3364d1832bc3e11b86fc9e4d59849605ddfc9c9257",2857
"final_campaign/held_out/cuda/run_faissR_nndescent_cuda_inner_product.sh","3ff4cef90a16d570264a520fe1052426","874764f17512fbfcfd4b823cfd8aa9e12f36bf204fe43f8887b53e3495a79573",2872
"final_campaign/held_out/cuda/run_faissR_nsg_cuda_correlation.sh","b90abb69537dbb94ed30f934f07724fd","d5030e824b47feb30ff3807f70f39db82b890adf744d1888dfe91d990b166528",2835
"final_campaign/held_out/cuda/run_faissR_nsg_cuda_cosine.sh","e49584482009c91a3fe81abb66f062d6","9c464deae51a69ddb821d0021bda49b029364f1056991b774bac700bc21df554",2815
"final_campaign/held_out/cuda/run_faissR_nsg_cuda_euclidean.sh","63c598c6a37e60e7d3182828493ec0c4","d0e15a7c50ceb8d45d561d2ca61754ab6351294eb6f36896a82367d430cd9a38",2827
"final_campaign/held_out/cuda/run_faissR_nsg_cuda_inner_product.sh","dc943eeadf7a929d5a6b0bf48d967e7c","e38adf1bc0d5451c33ae0c4f32eacaa9a36d70fabfe8676153a10022709264ca",2842
"final_campaign/held_out/cuda/run_faissR_vamana_cuda_correlation.sh","2ad282043de86657cc7d7d6d788d7891","5293ee5bdcdc58cd2981f002eebfb60b389ac02d42fa97e8371d8079f5f6bc58",2850
"final_campaign/held_out/cuda/run_faissR_vamana_cuda_cosine.sh","beaf1e580b30b2fe4420375f759c0094","11558498d7eb802b823f99286e479e5caf0ca84da6a8c976cd857565a27c3bdf",2830
"final_campaign/held_out/cuda/run_faissR_vamana_cuda_euclidean.sh","3e74b6d3bf6185d35bd515b7be7d512f","8221b2df458aecc3480f287d185ec4bf57ec6e938e6cd7a5925b3d3820b54237",2842
"final_campaign/held_out/cuda/run_faissR_vamana_cuda_inner_product.sh","4e248985286608261ceac560888809d7","5cc555d294dd3a92600f1d048788290207b7f6e5168977629916ca2a6a2516ad",2857
"final_campaign/qa/run_package_route_qa_cpu12.sh","7f75e71bcf55827c8848dbcf519487d7","3107ee24518e95579bcd9a271f4cecf05c61c16f2c0f026b19458adfaeed77ab",1778
"final_campaign/qa/run_package_route_qa_cuda.sh","27ebb397b129e186ff80f0ef8761cfd7","5a4ad9f257c02879fbc2df04c81b07cafc9f02cca26c40ece0232f5036ccc249",1858
"final_campaign/references/run_real_references_cuda_correlation.sh","a09cc686a3bbfdde04d11aefd0eb27a4","2842d7cf3d514853c7ad1c259a7d7e29b8aa5b39c19b591de6eac6baf3878bed",2829
"final_campaign/references/run_real_references_cuda_cosine.sh","e0420b9095a2e069edd3e1410d9be4c9","69ce548987a0fc63b187c6f2b64922acb104fa97753c7c866a71a8d7a6684cd6",2814
"final_campaign/references/run_real_references_cuda_euclidean.sh","2aa3e3341341008a6145c26887f3fa06","9cff34a8ba32e68637df2b6a9a729075f3c0b51c6cc5fe4b305ccff76dfaa5f8",2823
"final_campaign/references/run_real_references_cuda_inner_product.sh","3d3daacf77f4ea3d4fa5d3117db03916","022c2d6262ecbde94a689292cf267d6c16d29051a91f80d84afbb87edcb078bc",2835
"final_campaign/references/run_synthetic_references_cuda.sh","0ffb3d78230a94edfce7cc09b062c69b","2f87b7269d6ec3264dc2dbb461096f3da01a995f24c4e06d9636f5307c2ea714",3512
"final_campaign/reusable_external/run_BiocNeighbors_annoy_cpu12_cosine.sh","9b13b0fe955eb263cdf43b12f7e37903","85faa54453cff0dcce0f4919daf9d2a6f0174db8983f5256b6fc215ca070c018",2840
"final_campaign/reusable_external/run_BiocNeighbors_annoy_cpu12_euclidean.sh","3543211cb2feeb1107e763d09df2b853","a3f8798e941c3baa2861422c3358a7e680ccb33d6d324e5276a3f8b46c816fb9",2849
"final_campaign/reusable_external/run_BiocNeighbors_exhaustive_cpu12_cosine.sh","1f5f86b6feec7177c8000b7d5b3e8859","8316290b962094eb17d80152dc6436d881f0053476abc875fa7451ef70c4bdd6",2855
"final_campaign/reusable_external/run_BiocNeighbors_exhaustive_cpu12_euclidean.sh","9f5f7594d1870c1377a91bdedfd99e54","404331b08f340747d5c22a5935b68eab21f7dd59c26a5a399823d59146cd203d",2864
"final_campaign/reusable_external/run_BiocNeighbors_hnsw_cpu12_cosine.sh","8cf16dee00827be4c28f864471aed18d","bbabb666ac1a51f45f67be23f9bfbac2a8db1e70881c89dfc0484d26032b79b3",2837
"final_campaign/reusable_external/run_BiocNeighbors_hnsw_cpu12_euclidean.sh","e208e4fbc9a2c99db79fc528d7a27ae0","8a381ecbd36f56bab353aee78153931fa3f281c8cc7854a78095a2dbfe4f1268",2846
"final_campaign/reusable_external/run_RcppAnnoy_euclidean_cpu12_euclidean.sh","9dcb75f479014e2c86f69022c0ebc488","48ad744d75e1a40c37a2b016b8d3eedcbb74beb017d321c829fadeb744bb77c7",2845
"final_campaign/reusable_external/run_RcppHNSW_hnsw_cpu12_cosine.sh","e899ff3cf6c989704f69fae13e40d2f8","b73d1fb33037b1a3c1dc79e5dbc6723236fb6812d70d320904cda1d447c41ed5",2817
"final_campaign/reusable_external/run_RcppHNSW_hnsw_cpu12_euclidean.sh","7d62c2f857061bf7cd0dc337d7c4eb27","ef53662d881b9fc091f3e7328adb85fb4030de1c31b9951829fadf4e5e96e5b6",2826
"final_campaign/validate_campaign.R","fb3a88d1d13a20dee9e613259cc4d2df","21e67a3298d53a295a5ab2efd7b288cfdf73f1935430aed8d8aff7eea945680c",2940
"references/run_exact_references_cpu12.sh","7108e7362e1c83584e6006f0b77d0310","3e7ffb0e1e1fec742978d87fe3a85dc763dd1d4e87d3dba0f0156399756ac9dd",3334
"references/run_exact_references_cuda.sh","e3a91033b1aa380fb99fdc8c8d398a74","61fce8185d33147ed0aed4e259042ba38c3bad9aa9db8e4cb5f143fdc138015e",3251
"refresh_tabula_muris/run_references_cuda.sh","10f3e639ae70a3200a2a0769fd6cc5f0","fea3b8ddd9654af9e1569e49efc17ba012f5bd17de5351ff7b7400f531d2a4c0",1801
"reviewer_response/run_freeze_audit_cpu12.sh","79eea619e8bb5b16675746fe3a660dbd","baa027de70b63972f76085cb845def66d61bd0328096eb34030e97bcf9d86016",1853
"reviewer_response/run_freeze_audit_cuda.sh","779c34f482801f7850a055a0565c635f","d9f559646446c25cab1115548b3b8f90200b973fecfbed07a62e563f42067131",1883
"reviewer_response/run_metric_conformance_cpu12.sh","8a7d8861afd54c235e4f362c457c4a8c","d04e01c33248c2c4f5450ea9412d49b398012c776ef5f437d31d485596896683",1370
"reviewer_response/run_metric_conformance_cuda.sh","571ed130d2110b0af37df1f35d1adf1d","7a69f1fae00708692a9e0f09451e2d09d1e6f2b8d81341287924d26f4fd3d9ba",1436
"reviewer_response/run_selector_validation_cpu12.sh","5c0d888f0e1938bef509f2a2909a6255","68c39ce1cd36db77d6b72a74cd538772b14283d9e0667473a01b285b5688e240",1788
"reviewer_response/run_selector_validation_cuda.sh","6f2ad49544dec67ad88d0bd5813f12c8","9b75f74e42b032f872451f6039f83f5b97eb6b3ef06442250a9230dcd872d966",1830
