"source_group","dataset","dataset_md5","n","p","metric","seed","query_n","query_sampling","reference_k","reference_backend_used","cpu_audit_n","cpu_audit_mean_recall","cpu_audit_min_recall","cpu_audit_max_distance_error","cpu_audit_pass","faissR_version","faissR_package_commit","faissR_image_commit","record_source"
"real","COIL20","9fb70f4d8b5340eaca78d93988405aca",1440,16384,"euclidean",4,1024,"unique_without_replacement",100,"faiss_gpu_bfknn_l2",64,0.99984375,0.99,7.74013592220166,TRUE,"0.99.21","0903532baf02b340a90921db18edc4deae5ea462","0903532baf02b340a90921db18edc4deae5ea462","references/real_euclidean_1188334_20260807_043321/faissR_cuda_exact_reference_results.csv"
"real","COIL20","9fb70f4d8b5340eaca78d93988405aca",1440,16384,"euclidean",20260706,1024,"unique_without_replacement",100,"faiss_gpu_bfknn_l2",64,1,1,8.53607471817736,TRUE,"0.99.21","0903532baf02b340a90921db18edc4deae5ea462","0903532baf02b340a90921db18edc4deae5ea462","references/real_euclidean_1188334_20260807_043321/faissR_cuda_exact_reference_results.csv"
"real","COIL20","9fb70f4d8b5340eaca78d93988405aca",1440,16384,"euclidean",20260807,1024,"unique_without_replacement",100,"faiss_gpu_bfknn_l2",64,1,1,8.66387013100507,TRUE,"0.99.21","0903532baf02b340a90921db18edc4deae5ea462","0903532baf02b340a90921db18edc4deae5ea462","references/real_euclidean_1188334_20260807_043321/faissR_cuda_exact_reference_results.csv"
"real","COIL20","9fb70f4d8b5340eaca78d93988405aca",1440,16384,"cosine",4,1024,"unique_without_replacement",100,"cuda_native_exact_gpu",64,1,1,3.57329845428467e-05,TRUE,"0.99.21","0903532baf02b340a90921db18edc4deae5ea462","0903532baf02b340a90921db18edc4deae5ea462","references/real_cosine_1188333_20260807_042306/faissR_cuda_exact_reference_results.csv"
"real","COIL20","9fb70f4d8b5340eaca78d93988405aca",1440,16384,"cosine",20260706,1024,"unique_without_replacement",100,"cuda_native_exact_gpu",64,1,1,3.65376472473145e-05,TRUE,"0.99.21","0903532baf02b340a90921db18edc4deae5ea462","0903532baf02b340a90921db18edc4deae5ea462","references/real_cosine_1188333_20260807_042306/faissR_cuda_exact_reference_results.csv"
"real","COIL20","9fb70f4d8b5340eaca78d93988405aca",1440,16384,"cosine",20260807,1024,"unique_without_replacement",100,"cuda_native_exact_gpu",64,1,1,3.17096710205078e-05,TRUE,"0.99.21","0903532baf02b340a90921db18edc4deae5ea462","0903532baf02b340a90921db18edc4deae5ea462","references/real_cosine_1188333_20260807_042306/faissR_cuda_exact_reference_results.csv"
"real","COIL20","9fb70f4d8b5340eaca78d93988405aca",1440,16384,"correlation",4,1024,"unique_without_replacement",100,"cuda_native_exact_gpu",64,1,1,8.48174095153809e-05,TRUE,"0.99.21","0903532baf02b340a90921db18edc4deae5ea462","0903532baf02b340a90921db18edc4deae5ea462","references/real_correlation_1188332_20260807_041220/faissR_cuda_exact_reference_results.csv"
"real","COIL20","9fb70f4d8b5340eaca78d93988405aca",1440,16384,"correlation",20260706,1024,"unique_without_replacement",100,"cuda_native_exact_gpu",64,0.99953125,0.99,8.7052583694458e-05,TRUE,"0.99.21","0903532baf02b340a90921db18edc4deae5ea462","0903532baf02b340a90921db18edc4deae5ea462","references/real_correlation_1188332_20260807_041220/faissR_cuda_exact_reference_results.csv"
"real","COIL20","9fb70f4d8b5340eaca78d93988405aca",1440,16384,"correlation",20260807,1024,"unique_without_replacement",100,"cuda_native_exact_gpu",64,0.99984375,0.99,8.36551189422607e-05,TRUE,"0.99.21","0903532baf02b340a90921db18edc4deae5ea462","0903532baf02b340a90921db18edc4deae5ea462","references/real_correlation_1188332_20260807_041220/faissR_cuda_exact_reference_results.csv"
"real","FashionMNIST","f9fb7867de23cbcc446c6718882134e0",70000,784,"euclidean",4,1024,"unique_without_replacement",100,"faiss_gpu_bfknn_l2",64,1,1,0.0178660106060988,TRUE,"0.99.21","0903532baf02b340a90921db18edc4deae5ea462","0903532baf02b340a90921db18edc4deae5ea462","references/real_euclidean_1188334_20260807_043321/faissR_cuda_exact_reference_results.csv"
"real","FashionMNIST","f9fb7867de23cbcc446c6718882134e0",70000,784,"euclidean",20260706,1024,"unique_without_replacement",100,"faiss_gpu_bfknn_l2",64,1,1,0.0159602576345605,TRUE,"0.99.21","0903532baf02b340a90921db18edc4deae5ea462","0903532baf02b340a90921db18edc4deae5ea462","references/real_euclidean_1188334_20260807_043321/faissR_cuda_exact_reference_results.csv"
"real","FashionMNIST","f9fb7867de23cbcc446c6718882134e0",70000,784,"euclidean",20260807,1024,"unique_without_replacement",100,"faiss_gpu_bfknn_l2",64,1,1,0.0137698693313268,TRUE,"0.99.21","0903532baf02b340a90921db18edc4deae5ea462","0903532baf02b340a90921db18edc4deae5ea462","references/real_euclidean_1188334_20260807_043321/faissR_cuda_exact_reference_results.csv"
"real","FashionMNIST","f9fb7867de23cbcc446c6718882134e0",70000,784,"cosine",4,1024,"unique_without_replacement",100,"cuda_native_exact_gpu",64,1,1,9.23871994018555e-07,TRUE,"0.99.21","0903532baf02b340a90921db18edc4deae5ea462","0903532baf02b340a90921db18edc4deae5ea462","references/real_cosine_1188333_20260807_042306/faissR_cuda_exact_reference_results.csv"
"real","FashionMNIST","f9fb7867de23cbcc446c6718882134e0",70000,784,"cosine",20260706,1024,"unique_without_replacement",100,"cuda_native_exact_gpu",64,1,1,3.65078449249268e-07,TRUE,"0.99.21","0903532baf02b340a90921db18edc4deae5ea462","0903532baf02b340a90921db18edc4deae5ea462","references/real_cosine_1188333_20260807_042306/faissR_cuda_exact_reference_results.csv"
"real","FashionMNIST","f9fb7867de23cbcc446c6718882134e0",70000,784,"cosine",20260807,1024,"unique_without_replacement",100,"cuda_native_exact_gpu",64,1,1,3.98606061935425e-07,TRUE,"0.99.21","0903532baf02b340a90921db18edc4deae5ea462","0903532baf02b340a90921db18edc4deae5ea462","references/real_cosine_1188333_20260807_042306/faissR_cuda_exact_reference_results.csv"
"real","FashionMNIST","f9fb7867de23cbcc446c6718882134e0",70000,784,"correlation",4,1024,"unique_without_replacement",100,"cuda_native_exact_gpu",64,1,1,4.08291816711426e-06,TRUE,"0.99.21","0903532baf02b340a90921db18edc4deae5ea462","0903532baf02b340a90921db18edc4deae5ea462","references/real_correlation_1188332_20260807_041220/faissR_cuda_exact_reference_results.csv"
"real","FashionMNIST","f9fb7867de23cbcc446c6718882134e0",70000,784,"correlation",20260706,1024,"unique_without_replacement",100,"cuda_native_exact_gpu",64,1,1,3.99351119995117e-06,TRUE,"0.99.21","0903532baf02b340a90921db18edc4deae5ea462","0903532baf02b340a90921db18edc4deae5ea462","references/real_correlation_1188332_20260807_041220/faissR_cuda_exact_reference_results.csv"
"real","FashionMNIST","f9fb7867de23cbcc446c6718882134e0",70000,784,"correlation",20260807,1024,"unique_without_replacement",100,"cuda_native_exact_gpu",64,1,1,4.58955764770508e-06,TRUE,"0.99.21","0903532baf02b340a90921db18edc4deae5ea462","0903532baf02b340a90921db18edc4deae5ea462","references/real_correlation_1188332_20260807_041220/faissR_cuda_exact_reference_results.csv"
"real","FlowRepository_FR-FCM-ZYRM_files","560c41ccc6a67aa034a44eb3b14c60ba",5220347,32,"euclidean",4,1024,"unique_without_replacement",100,"faiss_gpu_bfknn_l2",29,1,1,2.82059899048281e-05,TRUE,"0.99.21","0903532baf02b340a90921db18edc4deae5ea462","0903532baf02b340a90921db18edc4deae5ea462","references/real_euclidean_1188334_20260807_043321/faissR_cuda_exact_reference_results.csv"
"real","FlowRepository_FR-FCM-ZYRM_files","560c41ccc6a67aa034a44eb3b14c60ba",5220347,32,"euclidean",20260706,1024,"unique_without_replacement",100,"faiss_gpu_bfknn_l2",29,1,1,2.57504241718554e-05,TRUE,"0.99.21","0903532baf02b340a90921db18edc4deae5ea462","0903532baf02b340a90921db18edc4deae5ea462","references/real_euclidean_1188334_20260807_043321/faissR_cuda_exact_reference_results.csv"
"real","FlowRepository_FR-FCM-ZYRM_files","560c41ccc6a67aa034a44eb3b14c60ba",5220347,32,"euclidean",20260807,1024,"unique_without_replacement",100,"faiss_gpu_bfknn_l2",29,0.999655172413793,0.99,2.63497471095775e-05,TRUE,"0.99.21","0903532baf02b340a90921db18edc4deae5ea462","0903532baf02b340a90921db18edc4deae5ea462","references/real_euclidean_1188334_20260807_043321/faissR_cuda_exact_reference_results.csv"
"real","FlowRepository_FR-FCM-ZYRM_files","560c41ccc6a67aa034a44eb3b14c60ba",5220347,32,"cosine",4,1024,"unique_without_replacement",100,"cuda_native_exact_gpu",29,1,1,1.76951289176941e-07,TRUE,"0.99.21","0903532baf02b340a90921db18edc4deae5ea462","0903532baf02b340a90921db18edc4deae5ea462","references/real_cosine_1188333_20260807_042306/faissR_cuda_exact_reference_results.csv"
"real","FlowRepository_FR-FCM-ZYRM_files","560c41ccc6a67aa034a44eb3b14c60ba",5220347,32,"cosine",20260706,1024,"unique_without_replacement",100,"cuda_native_exact_gpu",29,1,1,1.71363353729248e-07,TRUE,"0.99.21","0903532baf02b340a90921db18edc4deae5ea462","0903532baf02b340a90921db18edc4deae5ea462","references/real_cosine_1188333_20260807_042306/faissR_cuda_exact_reference_results.csv"
"real","FlowRepository_FR-FCM-ZYRM_files","560c41ccc6a67aa034a44eb3b14c60ba",5220347,32,"cosine",20260807,1024,"unique_without_replacement",100,"cuda_native_exact_gpu",29,1,1,2.04890966415405e-07,TRUE,"0.99.21","0903532baf02b340a90921db18edc4deae5ea462","0903532baf02b340a90921db18edc4deae5ea462","references/real_cosine_1188333_20260807_042306/faissR_cuda_exact_reference_results.csv"
"real","FlowRepository_FR-FCM-ZYRM_files","560c41ccc6a67aa034a44eb3b14c60ba",5220347,32,"correlation",4,1024,"unique_without_replacement",100,"cuda_native_exact_gpu",29,1,1,2.10478901863098e-07,TRUE,"0.99.21","0903532baf02b340a90921db18edc4deae5ea462","0903532baf02b340a90921db18edc4deae5ea462","references/real_correlation_1188332_20260807_041220/faissR_cuda_exact_reference_results.csv"
"real","FlowRepository_FR-FCM-ZYRM_files","560c41ccc6a67aa034a44eb3b14c60ba",5220347,32,"correlation",20260706,1024,"unique_without_replacement",100,"cuda_native_exact_gpu",29,1,1,2.27242708206177e-07,TRUE,"0.99.21","0903532baf02b340a90921db18edc4deae5ea462","0903532baf02b340a90921db18edc4deae5ea462","references/real_correlation_1188332_20260807_041220/faissR_cuda_exact_reference_results.csv"
"real","FlowRepository_FR-FCM-ZYRM_files","560c41ccc6a67aa034a44eb3b14c60ba",5220347,32,"correlation",20260807,1024,"unique_without_replacement",100,"cuda_native_exact_gpu",29,1,1,2.88709998130798e-07,TRUE,"0.99.21","0903532baf02b340a90921db18edc4deae5ea462","0903532baf02b340a90921db18edc4deae5ea462","references/real_correlation_1188332_20260807_041220/faissR_cuda_exact_reference_results.csv"
"real","MNIST","b63d063e7332b8e685cd6decd766326c",70000,784,"euclidean",4,1024,"unique_without_replacement",100,"faiss_gpu_bfknn_l2",64,1,1,0.000655633232554464,TRUE,"0.99.21","0903532baf02b340a90921db18edc4deae5ea462","0903532baf02b340a90921db18edc4deae5ea462","references/real_euclidean_1188334_20260807_043321/faissR_cuda_exact_reference_results.csv"
"real","MNIST","b63d063e7332b8e685cd6decd766326c",70000,784,"euclidean",20260706,1024,"unique_without_replacement",100,"faiss_gpu_bfknn_l2",64,1,1,0.000503661967513835,TRUE,"0.99.21","0903532baf02b340a90921db18edc4deae5ea462","0903532baf02b340a90921db18edc4deae5ea462","references/real_euclidean_1188334_20260807_043321/faissR_cuda_exact_reference_results.csv"
"real","MNIST","b63d063e7332b8e685cd6decd766326c",70000,784,"euclidean",20260807,1024,"unique_without_replacement",100,"faiss_gpu_bfknn_l2",64,1,1,0.00055970945311401,TRUE,"0.99.21","0903532baf02b340a90921db18edc4deae5ea462","0903532baf02b340a90921db18edc4deae5ea462","references/real_euclidean_1188334_20260807_043321/faissR_cuda_exact_reference_results.csv"
"real","MNIST","b63d063e7332b8e685cd6decd766326c",70000,784,"cosine",4,1024,"unique_without_replacement",100,"cuda_native_exact_gpu",64,1,1,5.66244125366211e-07,TRUE,"0.99.21","0903532baf02b340a90921db18edc4deae5ea462","0903532baf02b340a90921db18edc4deae5ea462","references/real_cosine_1188333_20260807_042306/faissR_cuda_exact_reference_results.csv"
"real","MNIST","b63d063e7332b8e685cd6decd766326c",70000,784,"cosine",20260706,1024,"unique_without_replacement",100,"cuda_native_exact_gpu",64,1,1,5.96046447753906e-07,TRUE,"0.99.21","0903532baf02b340a90921db18edc4deae5ea462","0903532baf02b340a90921db18edc4deae5ea462","references/real_cosine_1188333_20260807_042306/faissR_cuda_exact_reference_results.csv"
"real","MNIST","b63d063e7332b8e685cd6decd766326c",70000,784,"cosine",20260807,1024,"unique_without_replacement",100,"cuda_native_exact_gpu",64,1,1,5.96046447753906e-07,TRUE,"0.99.21","0903532baf02b340a90921db18edc4deae5ea462","0903532baf02b340a90921db18edc4deae5ea462","references/real_cosine_1188333_20260807_042306/faissR_cuda_exact_reference_results.csv"
"real","MNIST","b63d063e7332b8e685cd6decd766326c",70000,784,"correlation",4,1024,"unique_without_replacement",100,"cuda_native_exact_gpu",64,1,1,5.00679016113281e-06,TRUE,"0.99.21","0903532baf02b340a90921db18edc4deae5ea462","0903532baf02b340a90921db18edc4deae5ea462","references/real_correlation_1188332_20260807_041220/faissR_cuda_exact_reference_results.csv"
"real","MNIST","b63d063e7332b8e685cd6decd766326c",70000,784,"correlation",20260706,1024,"unique_without_replacement",100,"cuda_native_exact_gpu",64,1,1,6.49690628051758e-06,TRUE,"0.99.21","0903532baf02b340a90921db18edc4deae5ea462","0903532baf02b340a90921db18edc4deae5ea462","references/real_correlation_1188332_20260807_041220/faissR_cuda_exact_reference_results.csv"
"real","MNIST","b63d063e7332b8e685cd6decd766326c",70000,784,"correlation",20260807,1024,"unique_without_replacement",100,"cuda_native_exact_gpu",64,1,1,5.57303428649902e-06,TRUE,"0.99.21","0903532baf02b340a90921db18edc4deae5ea462","0903532baf02b340a90921db18edc4deae5ea462","references/real_correlation_1188332_20260807_041220/faissR_cuda_exact_reference_results.csv"
"real","MetRef","500e69ce3c5bebc2f57687c93426ed58",873,375,"euclidean",4,873,"all_rows",100,"faiss_gpu_bfknn_l2",64,1,1,1.20592476449133e-05,TRUE,"0.99.21","0903532baf02b340a90921db18edc4deae5ea462","0903532baf02b340a90921db18edc4deae5ea462","references/real_euclidean_1188334_20260807_043321/faissR_cuda_exact_reference_results.csv"
"real","MetRef","500e69ce3c5bebc2f57687c93426ed58",873,375,"euclidean",20260706,873,"all_rows",100,"faiss_gpu_bfknn_l2",64,1,1,1.20592476449133e-05,TRUE,"0.99.21","0903532baf02b340a90921db18edc4deae5ea462","0903532baf02b340a90921db18edc4deae5ea462","references/real_euclidean_1188334_20260807_043321/faissR_cuda_exact_reference_results.csv"
"real","MetRef","500e69ce3c5bebc2f57687c93426ed58",873,375,"euclidean",20260807,873,"all_rows",100,"faiss_gpu_bfknn_l2",64,1,1,1.20592476449133e-05,TRUE,"0.99.21","0903532baf02b340a90921db18edc4deae5ea462","0903532baf02b340a90921db18edc4deae5ea462","references/real_euclidean_1188334_20260807_043321/faissR_cuda_exact_reference_results.csv"
"real","MetRef","500e69ce3c5bebc2f57687c93426ed58",873,375,"cosine",4,873,"all_rows",100,"cuda_native_exact_gpu",64,1,1,7.74860382080078e-07,TRUE,"0.99.21","0903532baf02b340a90921db18edc4deae5ea462","0903532baf02b340a90921db18edc4deae5ea462","references/real_cosine_1188333_20260807_042306/faissR_cuda_exact_reference_results.csv"
"real","MetRef","500e69ce3c5bebc2f57687c93426ed58",873,375,"cosine",20260706,873,"all_rows",100,"cuda_native_exact_gpu",64,1,1,7.74860382080078e-07,TRUE,"0.99.21","0903532baf02b340a90921db18edc4deae5ea462","0903532baf02b340a90921db18edc4deae5ea462","references/real_cosine_1188333_20260807_042306/faissR_cuda_exact_reference_results.csv"
"real","MetRef","500e69ce3c5bebc2f57687c93426ed58",873,375,"cosine",20260807,873,"all_rows",100,"cuda_native_exact_gpu",64,1,1,7.74860382080078e-07,TRUE,"0.99.21","0903532baf02b340a90921db18edc4deae5ea462","0903532baf02b340a90921db18edc4deae5ea462","references/real_cosine_1188333_20260807_042306/faissR_cuda_exact_reference_results.csv"
"real","MetRef","500e69ce3c5bebc2f57687c93426ed58",873,375,"correlation",4,873,"all_rows",100,"cuda_native_exact_gpu",64,1,1,9.08970832824707e-07,TRUE,"0.99.21","0903532baf02b340a90921db18edc4deae5ea462","0903532baf02b340a90921db18edc4deae5ea462","references/real_correlation_1188332_20260807_041220/faissR_cuda_exact_reference_results.csv"
"real","MetRef","500e69ce3c5bebc2f57687c93426ed58",873,375,"correlation",20260706,873,"all_rows",100,"cuda_native_exact_gpu",64,1,1,9.08970832824707e-07,TRUE,"0.99.21","0903532baf02b340a90921db18edc4deae5ea462","0903532baf02b340a90921db18edc4deae5ea462","references/real_correlation_1188332_20260807_041220/faissR_cuda_exact_reference_results.csv"
"real","MetRef","500e69ce3c5bebc2f57687c93426ed58",873,375,"correlation",20260807,873,"all_rows",100,"cuda_native_exact_gpu",64,1,1,9.08970832824707e-07,TRUE,"0.99.21","0903532baf02b340a90921db18edc4deae5ea462","0903532baf02b340a90921db18edc4deae5ea462","references/real_correlation_1188332_20260807_041220/faissR_cuda_exact_reference_results.csv"
"real","USPS","aaccc5d9ba97f10b4f1bca66d806b132",11000,256,"euclidean",4,1024,"unique_without_replacement",100,"faiss_gpu_bfknn_l2",64,0.9975,0.99,6.09887201790116e-05,TRUE,"0.99.21","0903532baf02b340a90921db18edc4deae5ea462","0903532baf02b340a90921db18edc4deae5ea462","references/real_euclidean_1188334_20260807_043321/faissR_cuda_exact_reference_results.csv"
"real","USPS","aaccc5d9ba97f10b4f1bca66d806b132",11000,256,"euclidean",20260706,1024,"unique_without_replacement",100,"faiss_gpu_bfknn_l2",64,0.99859375,0.99,6.10261270139745e-05,TRUE,"0.99.21","0903532baf02b340a90921db18edc4deae5ea462","0903532baf02b340a90921db18edc4deae5ea462","references/real_euclidean_1188334_20260807_043321/faissR_cuda_exact_reference_results.csv"
"real","USPS","aaccc5d9ba97f10b4f1bca66d806b132",11000,256,"euclidean",20260807,1024,"unique_without_replacement",100,"faiss_gpu_bfknn_l2",64,0.99828125,0.99,6.10301904089283e-05,TRUE,"0.99.21","0903532baf02b340a90921db18edc4deae5ea462","0903532baf02b340a90921db18edc4deae5ea462","references/real_euclidean_1188334_20260807_043321/faissR_cuda_exact_reference_results.csv"
"real","USPS","aaccc5d9ba97f10b4f1bca66d806b132",11000,256,"cosine",4,1024,"unique_without_replacement",100,"cuda_native_exact_gpu",64,0.9984375,0.99,5.36441802978516e-07,TRUE,"0.99.21","0903532baf02b340a90921db18edc4deae5ea462","0903532baf02b340a90921db18edc4deae5ea462","references/real_cosine_1188333_20260807_042306/faissR_cuda_exact_reference_results.csv"
"real","USPS","aaccc5d9ba97f10b4f1bca66d806b132",11000,256,"cosine",20260706,1024,"unique_without_replacement",100,"cuda_native_exact_gpu",64,0.99765625,0.99,5.0663948059082e-07,TRUE,"0.99.21","0903532baf02b340a90921db18edc4deae5ea462","0903532baf02b340a90921db18edc4deae5ea462","references/real_cosine_1188333_20260807_042306/faissR_cuda_exact_reference_results.csv"
"real","USPS","aaccc5d9ba97f10b4f1bca66d806b132",11000,256,"cosine",20260807,1024,"unique_without_replacement",100,"cuda_native_exact_gpu",64,0.998125,0.99,7.74860382080078e-07,TRUE,"0.99.21","0903532baf02b340a90921db18edc4deae5ea462","0903532baf02b340a90921db18edc4deae5ea462","references/real_cosine_1188333_20260807_042306/faissR_cuda_exact_reference_results.csv"
"real","USPS","aaccc5d9ba97f10b4f1bca66d806b132",11000,256,"correlation",4,1024,"unique_without_replacement",100,"cuda_native_exact_gpu",64,0.99734375,0.99,3.03983688354492e-06,TRUE,"0.99.21","0903532baf02b340a90921db18edc4deae5ea462","0903532baf02b340a90921db18edc4deae5ea462","references/real_correlation_1188332_20260807_041220/faissR_cuda_exact_reference_results.csv"
"real","USPS","aaccc5d9ba97f10b4f1bca66d806b132",11000,256,"correlation",20260706,1024,"unique_without_replacement",100,"cuda_native_exact_gpu",64,0.99796875,0.99,2.32458114624023e-06,TRUE,"0.99.21","0903532baf02b340a90921db18edc4deae5ea462","0903532baf02b340a90921db18edc4deae5ea462","references/real_correlation_1188332_20260807_041220/faissR_cuda_exact_reference_results.csv"
"real","USPS","aaccc5d9ba97f10b4f1bca66d806b132",11000,256,"correlation",20260807,1024,"unique_without_replacement",100,"cuda_native_exact_gpu",64,0.99828125,0.99,2.89082527160645e-06,TRUE,"0.99.21","0903532baf02b340a90921db18edc4deae5ea462","0903532baf02b340a90921db18edc4deae5ea462","references/real_correlation_1188332_20260807_041220/faissR_cuda_exact_reference_results.csv"
"real","flow18","312918a562406500ae8ac89bd1e53b77",1000021,11,"euclidean",4,1024,"unique_without_replacement",100,"faiss_gpu_bfknn_l2",64,1,1,2.78028941965713e-05,TRUE,"0.99.21","0903532baf02b340a90921db18edc4deae5ea462","0903532baf02b340a90921db18edc4deae5ea462","references/real_euclidean_1188334_20260807_043321/faissR_cuda_exact_reference_results.csv"
"real","flow18","312918a562406500ae8ac89bd1e53b77",1000021,11,"euclidean",20260706,1024,"unique_without_replacement",100,"faiss_gpu_bfknn_l2",64,1,1,3.03252610659444e-05,TRUE,"0.99.21","0903532baf02b340a90921db18edc4deae5ea462","0903532baf02b340a90921db18edc4deae5ea462","references/real_euclidean_1188334_20260807_043321/faissR_cuda_exact_reference_results.csv"
"real","flow18","312918a562406500ae8ac89bd1e53b77",1000021,11,"euclidean",20260807,1024,"unique_without_replacement",100,"faiss_gpu_bfknn_l2",64,1,1,2.60963466829911e-05,TRUE,"0.99.21","0903532baf02b340a90921db18edc4deae5ea462","0903532baf02b340a90921db18edc4deae5ea462","references/real_euclidean_1188334_20260807_043321/faissR_cuda_exact_reference_results.csv"
"real","flow18","312918a562406500ae8ac89bd1e53b77",1000021,11,"cosine",4,1024,"unique_without_replacement",100,"cuda_native_exact_gpu",64,1,1,2.34693288803101e-07,TRUE,"0.99.21","0903532baf02b340a90921db18edc4deae5ea462","0903532baf02b340a90921db18edc4deae5ea462","references/real_cosine_1188333_20260807_042306/faissR_cuda_exact_reference_results.csv"
"real","flow18","312918a562406500ae8ac89bd1e53b77",1000021,11,"cosine",20260706,1024,"unique_without_replacement",100,"cuda_native_exact_gpu",64,1,1,2.17463821172714e-07,TRUE,"0.99.21","0903532baf02b340a90921db18edc4deae5ea462","0903532baf02b340a90921db18edc4deae5ea462","references/real_cosine_1188333_20260807_042306/faissR_cuda_exact_reference_results.csv"
"real","flow18","312918a562406500ae8ac89bd1e53b77",1000021,11,"cosine",20260807,1024,"unique_without_replacement",100,"cuda_native_exact_gpu",64,1,1,2.49361619353294e-07,TRUE,"0.99.21","0903532baf02b340a90921db18edc4deae5ea462","0903532baf02b340a90921db18edc4deae5ea462","references/real_cosine_1188333_20260807_042306/faissR_cuda_exact_reference_results.csv"
"real","flow18","312918a562406500ae8ac89bd1e53b77",1000021,11,"correlation",4,1024,"unique_without_replacement",100,"cuda_native_exact_gpu",64,1,1,2.00700014829636e-07,TRUE,"0.99.21","0903532baf02b340a90921db18edc4deae5ea462","0903532baf02b340a90921db18edc4deae5ea462","references/real_correlation_1188332_20260807_041220/faissR_cuda_exact_reference_results.csv"
"real","flow18","312918a562406500ae8ac89bd1e53b77",1000021,11,"correlation",20260706,1024,"unique_without_replacement",100,"cuda_native_exact_gpu",64,1,1,2.13272869586945e-07,TRUE,"0.99.21","0903532baf02b340a90921db18edc4deae5ea462","0903532baf02b340a90921db18edc4deae5ea462","references/real_correlation_1188332_20260807_041220/faissR_cuda_exact_reference_results.csv"
"real","flow18","312918a562406500ae8ac89bd1e53b77",1000021,11,"correlation",20260807,1024,"unique_without_replacement",100,"cuda_native_exact_gpu",64,1,1,2.4726614356041e-07,TRUE,"0.99.21","0903532baf02b340a90921db18edc4deae5ea462","0903532baf02b340a90921db18edc4deae5ea462","references/real_correlation_1188332_20260807_041220/faissR_cuda_exact_reference_results.csv"
"real","imagenet","f63c177e7a638ee832dfa0a55fbbb69d",1281167,1024,"euclidean",4,1024,"unique_without_replacement",100,"faiss_gpu_bfknn_l2",4,1,1,0.000125083485297495,TRUE,"0.99.21","0903532baf02b340a90921db18edc4deae5ea462","0903532baf02b340a90921db18edc4deae5ea462","references/real_euclidean_1188334_20260807_043321/faissR_cuda_exact_reference_results.csv"
"real","imagenet","f63c177e7a638ee832dfa0a55fbbb69d",1281167,1024,"euclidean",20260706,1024,"unique_without_replacement",100,"faiss_gpu_bfknn_l2",4,1,1,9.89654169174514e-05,TRUE,"0.99.21","0903532baf02b340a90921db18edc4deae5ea462","0903532baf02b340a90921db18edc4deae5ea462","references/real_euclidean_1188334_20260807_043321/faissR_cuda_exact_reference_results.csv"
"real","imagenet","f63c177e7a638ee832dfa0a55fbbb69d",1281167,1024,"euclidean",20260807,1024,"unique_without_replacement",100,"faiss_gpu_bfknn_l2",4,1,1,0.000102100637494829,TRUE,"0.99.21","0903532baf02b340a90921db18edc4deae5ea462","0903532baf02b340a90921db18edc4deae5ea462","references/real_euclidean_1188334_20260807_043321/faissR_cuda_exact_reference_results.csv"
"real","imagenet","f63c177e7a638ee832dfa0a55fbbb69d",1281167,1024,"cosine",4,1024,"unique_without_replacement",100,"cuda_native_exact_gpu",4,1,1,3.5017728805542e-07,TRUE,"0.99.21","0903532baf02b340a90921db18edc4deae5ea462","0903532baf02b340a90921db18edc4deae5ea462","references/real_cosine_1188333_20260807_042306/faissR_cuda_exact_reference_results.csv"
"real","imagenet","f63c177e7a638ee832dfa0a55fbbb69d",1281167,1024,"cosine",20260706,1024,"unique_without_replacement",100,"cuda_native_exact_gpu",4,1,1,3.87430191040039e-07,TRUE,"0.99.21","0903532baf02b340a90921db18edc4deae5ea462","0903532baf02b340a90921db18edc4deae5ea462","references/real_cosine_1188333_20260807_042306/faissR_cuda_exact_reference_results.csv"
"real","imagenet","f63c177e7a638ee832dfa0a55fbbb69d",1281167,1024,"cosine",20260807,1024,"unique_without_replacement",100,"cuda_native_exact_gpu",4,1,1,6.25848770141602e-07,TRUE,"0.99.21","0903532baf02b340a90921db18edc4deae5ea462","0903532baf02b340a90921db18edc4deae5ea462","references/real_cosine_1188333_20260807_042306/faissR_cuda_exact_reference_results.csv"
"real","imagenet","f63c177e7a638ee832dfa0a55fbbb69d",1281167,1024,"correlation",4,1024,"unique_without_replacement",100,"cuda_native_exact_gpu",4,1,1,4.02331352233887e-07,TRUE,"0.99.21","0903532baf02b340a90921db18edc4deae5ea462","0903532baf02b340a90921db18edc4deae5ea462","references/real_correlation_1188332_20260807_041220/faissR_cuda_exact_reference_results.csv"
"real","imagenet","f63c177e7a638ee832dfa0a55fbbb69d",1281167,1024,"correlation",20260706,1024,"unique_without_replacement",100,"cuda_native_exact_gpu",4,1,1,4.61935997009277e-07,TRUE,"0.99.21","0903532baf02b340a90921db18edc4deae5ea462","0903532baf02b340a90921db18edc4deae5ea462","references/real_correlation_1188332_20260807_041220/faissR_cuda_exact_reference_results.csv"
"real","imagenet","f63c177e7a638ee832dfa0a55fbbb69d",1281167,1024,"correlation",20260807,1024,"unique_without_replacement",100,"cuda_native_exact_gpu",4,1,1,7.15255737304688e-07,TRUE,"0.99.21","0903532baf02b340a90921db18edc4deae5ea462","0903532baf02b340a90921db18edc4deae5ea462","references/real_correlation_1188332_20260807_041220/faissR_cuda_exact_reference_results.csv"
"real","mass41","5093294b672cfe86116807db072f190d",965282,14,"euclidean",4,1024,"unique_without_replacement",100,"faiss_gpu_bfknn_l2",64,1,1,1.77744184974848e-05,TRUE,"0.99.21","0903532baf02b340a90921db18edc4deae5ea462","0903532baf02b340a90921db18edc4deae5ea462","references/real_euclidean_1188334_20260807_043321/faissR_cuda_exact_reference_results.csv"
"real","mass41","5093294b672cfe86116807db072f190d",965282,14,"euclidean",20260706,1024,"unique_without_replacement",100,"faiss_gpu_bfknn_l2",64,1,1,2.10152545737641e-05,TRUE,"0.99.21","0903532baf02b340a90921db18edc4deae5ea462","0903532baf02b340a90921db18edc4deae5ea462","references/real_euclidean_1188334_20260807_043321/faissR_cuda_exact_reference_results.csv"
"real","mass41","5093294b672cfe86116807db072f190d",965282,14,"euclidean",20260807,1024,"unique_without_replacement",100,"faiss_gpu_bfknn_l2",64,1,1,1.71799008112927e-05,TRUE,"0.99.21","0903532baf02b340a90921db18edc4deae5ea462","0903532baf02b340a90921db18edc4deae5ea462","references/real_euclidean_1188334_20260807_043321/faissR_cuda_exact_reference_results.csv"
"real","mass41","5093294b672cfe86116807db072f190d",965282,14,"cosine",4,1024,"unique_without_replacement",100,"cuda_native_exact_gpu",64,1,1,2.36555933952332e-07,TRUE,"0.99.21","0903532baf02b340a90921db18edc4deae5ea462","0903532baf02b340a90921db18edc4deae5ea462","references/real_cosine_1188333_20260807_042306/faissR_cuda_exact_reference_results.csv"
"real","mass41","5093294b672cfe86116807db072f190d",965282,14,"cosine",20260706,1024,"unique_without_replacement",100,"cuda_native_exact_gpu",64,1,1,2.08616256713867e-07,TRUE,"0.99.21","0903532baf02b340a90921db18edc4deae5ea462","0903532baf02b340a90921db18edc4deae5ea462","references/real_cosine_1188333_20260807_042306/faissR_cuda_exact_reference_results.csv"
"real","mass41","5093294b672cfe86116807db072f190d",965282,14,"cosine",20260807,1024,"unique_without_replacement",100,"cuda_native_exact_gpu",64,1,1,2.04890966415405e-07,TRUE,"0.99.21","0903532baf02b340a90921db18edc4deae5ea462","0903532baf02b340a90921db18edc4deae5ea462","references/real_cosine_1188333_20260807_042306/faissR_cuda_exact_reference_results.csv"
"real","mass41","5093294b672cfe86116807db072f190d",965282,14,"correlation",4,1024,"unique_without_replacement",100,"cuda_native_exact_gpu",64,1,1,2.30036675930023e-07,TRUE,"0.99.21","0903532baf02b340a90921db18edc4deae5ea462","0903532baf02b340a90921db18edc4deae5ea462","references/real_correlation_1188332_20260807_041220/faissR_cuda_exact_reference_results.csv"
"real","mass41","5093294b672cfe86116807db072f190d",965282,14,"correlation",20260706,1024,"unique_without_replacement",100,"cuda_native_exact_gpu",64,1,1,2.06753611564636e-07,TRUE,"0.99.21","0903532baf02b340a90921db18edc4deae5ea462","0903532baf02b340a90921db18edc4deae5ea462","references/real_correlation_1188332_20260807_041220/faissR_cuda_exact_reference_results.csv"
"real","mass41","5093294b672cfe86116807db072f190d",965282,14,"correlation",20260807,1024,"unique_without_replacement",100,"cuda_native_exact_gpu",64,1,1,2.19792127609253e-07,TRUE,"0.99.21","0903532baf02b340a90921db18edc4deae5ea462","0903532baf02b340a90921db18edc4deae5ea462","references/real_correlation_1188332_20260807_041220/faissR_cuda_exact_reference_results.csv"
"synthetic_spatial","synthetic_spatial_n10000_p2_unit","4e34c55da215b2df7cfe1368743f36f4",10000,2,"euclidean",4,1024,"unique_without_replacement",100,"cuda_native_exact_gpu",64,1,1,3.6543673781475e-09,TRUE,"0.99.21","0903532baf02b340a90921db18edc4deae5ea462","0903532baf02b340a90921db18edc4deae5ea462","references/synthetic_1188336_20260807_044155/spatial/faissR_cuda_exact_reference_results.csv"
"synthetic_spatial","synthetic_spatial_n10000_p2_unit","4e34c55da215b2df7cfe1368743f36f4",10000,2,"euclidean",20260706,1024,"unique_without_replacement",100,"cuda_native_exact_gpu",64,1,1,3.57860973493329e-09,TRUE,"0.99.21","0903532baf02b340a90921db18edc4deae5ea462","0903532baf02b340a90921db18edc4deae5ea462","references/synthetic_1188336_20260807_044155/spatial/faissR_cuda_exact_reference_results.csv"
"synthetic_spatial","synthetic_spatial_n10000_p2_unit","4e34c55da215b2df7cfe1368743f36f4",10000,2,"euclidean",20260807,1024,"unique_without_replacement",100,"cuda_native_exact_gpu",64,1,1,3.54821864251287e-09,TRUE,"0.99.21","0903532baf02b340a90921db18edc4deae5ea462","0903532baf02b340a90921db18edc4deae5ea462","references/synthetic_1188336_20260807_044155/spatial/faissR_cuda_exact_reference_results.csv"
"synthetic_spatial","synthetic_spatial_n10000_p3_unit","9098123e034c255ffab5b679f2142bf5",10000,3,"euclidean",4,1024,"unique_without_replacement",100,"cuda_native_exact_gpu",64,1,1,1.86943792390704e-08,TRUE,"0.99.21","0903532baf02b340a90921db18edc4deae5ea462","0903532baf02b340a90921db18edc4deae5ea462","references/synthetic_1188336_20260807_044155/spatial/faissR_cuda_exact_reference_results.csv"
"synthetic_spatial","synthetic_spatial_n10000_p3_unit","9098123e034c255ffab5b679f2142bf5",10000,3,"euclidean",20260706,1024,"unique_without_replacement",100,"cuda_native_exact_gpu",64,1,1,2.0070892253754e-08,TRUE,"0.99.21","0903532baf02b340a90921db18edc4deae5ea462","0903532baf02b340a90921db18edc4deae5ea462","references/synthetic_1188336_20260807_044155/spatial/faissR_cuda_exact_reference_results.csv"
"synthetic_spatial","synthetic_spatial_n10000_p3_unit","9098123e034c255ffab5b679f2142bf5",10000,3,"euclidean",20260807,1024,"unique_without_replacement",100,"cuda_native_exact_gpu",64,1,1,1.74555706833335e-08,TRUE,"0.99.21","0903532baf02b340a90921db18edc4deae5ea462","0903532baf02b340a90921db18edc4deae5ea462","references/synthetic_1188336_20260807_044155/spatial/faissR_cuda_exact_reference_results.csv"
