dataset,source_url,source_release,source_accession,citation,license_or_terms,redistribution_permitted,acquisition_date,preprocessing,final_rows,final_columns,storage_type,source_file,dataset_md5,dataset_sha256,notes
COIL20,https://www.cs.columbia.edu/CAVE/software/softlib/coil-20.php,processed COIL-20,coil-20-proc.zip,"Nene SA, Nayar SK, Murase H. Columbia Object Image Library (COIL-20). Technical Report CUCS-005-96; 1996.","COIL-20-specific redistribution terms must be verified before distributing the converted matrix.",VERIFY,,"Processed PNG images; grayscale conversion when needed; flattened to 16384 pixels; no additional scaling, PCA, or dimensionality reduction.",1440,16384,float32,Data/COIL20/COIL20_float32.RData,,,The source page documents the processed release but does not display redistribution terms.
USPS,https://cran.r-project.org/package=Rdimtools,Rdimtools bundled usps dataset,usps,"You K, Shung D. Rdimtools: An R package for dimension reduction and intrinsic dimension estimation. Software Impacts. 2022;14:100414.","Rdimtools is MIT licensed; the package help does not state separate redistribution terms for the underlying USPS image data.",VERIFY,,"Loaded from Rdimtools; retained 11000 by 256 feature matrix and factor labels; no additional scaling, PCA, or dimensionality reduction.",11000,256,float32,Data/USPS/USPS_float32.RData,,,Verify underlying dataset redistribution independently of the Rdimtools software license.
FashionMNIST,https://github.com/zalandoresearch/fashion-mnist,Fashion-MNIST official IDX release,train and t10k IDX files,"Xiao H, Rasul K, Vollgraf R. Fashion-MNIST: a Novel Image Dataset for Benchmarking Machine Learning Algorithms. arXiv:1708.07747; 2017.",MIT,yes,,"Concatenated official training and test IDX files; flattened 28 by 28 grayscale pixels; no additional scaling, PCA, or dimensionality reduction.",70000,784,float32,Data/FashionMNIST/FashionMNIST_float32.RData,,,Retain the official repository copyright and MIT notice with any redistributed artifact.
FlowRepository_FR-FCM-ZYRM_files,https://flowrepository.org/id/FR-FCM-ZYRM,FlowRepository experiment,FR-FCM-ZYRM,"van Unen V et al. Nat Commun. 2017;8:1740. doi:10.1038/s41467-017-01689-9.","Item-specific FlowRepository terms must be verified before distributing the converted matrix.",VERIFY,,"Read 102 FCS files; retained 32 biological marker channels; transformed as asinh(x/5); labels derived from filenames.",5220347,32,float32,Data/FlowRepository_FR-FCM-ZYRM_files/van_unen_FR-FCM-ZYRM_float32.RData,,,The benchmark may provide acquisition instructions and checksums instead of redistributing this matrix.
flow18,https://doi.org/10.6084/m9.figshare.9927986.v1,opt-SNE datasets version 1,10.6084/m9.figshare.9927986.v1,"Belkina AC et al. Nat Commun. 2019;10:5415. doi:10.1038/s41467-019-13055-y.",CC BY 4.0,yes,,"Used supplied flow18_for_optsne.csv and class labels from flow18_annotated.fcs; no additional normalization, filtering, transformation, or relabeling during conversion.",1000021,11,float32,Data/flow18/flow18_float32.RData,,,Attribution to the Figshare dataset and original study is required.
MNIST,https://storage.googleapis.com/cvdf-datasets/mnist/,public IDX mirror,training and test IDX files,"LeCun Y, Bottou L, Bengio Y, Haffner P. Proc IEEE. 1998;86:2278-2324.",Not stated by the archive mirror,VERIFY,,"Concatenated training and test IDX files; flattened 28 by 28 grayscale pixels; no additional scaling, PCA, or dimensionality reduction.",70000,784,float32,Data/MNIST/MNIST_float32.RData,,,Verify redistribution terms before bundling or distributing the converted matrix.
imagenet,https://www.image-net.org/challenges/LSVRC/2012/,ILSVRC 2012 training images represented by precomputed DINOv2 features,ILSVRC2012,"Russakovsky O et al. Int J Comput Vis. 2015;115:211-252; Oquab M et al. Trans Mach Learn Res. 2024.","ImageNet access terms apply to source images; provenance and redistribution permission for this derived feature archive require verification.",VERIFY,,"Precomputed 1024-dimensional DINOv2 embeddings and ImageNet class indices; no additional normalization, scaling, split, or dimensionality reduction during R export.",1281167,1024,float32,Data/imagenet/imagenet_float32.RData,,,"Exact DINOv2 model identifier, extraction script, source release, and derived-feature redistribution terms remain mandatory provenance fields."
MetRef,https://cran.r-project.org/package=KODAMA,KODAMA bundled MetRef dataset,MetRef,"Cacciatore S et al. Proc Natl Acad Sci USA. 2014;111:5117-5122. doi:10.1073/pnas.1220873111.","KODAMA is GPL-2 or GPL-3; separate terms for redistribution of the underlying MetRef measurements must be verified.",VERIFY,,"Removed zero-column-sum variables; applied KODAMA normalization and KODAMA scaling; no PCA or embedding.",873,375,float32,Data/MetRef/MetRef_float32.RData,,,The benchmark does not describe this matrix as unscaled.
mass41,https://doi.org/10.6084/m9.figshare.9927986.v1,opt-SNE datasets version 1,10.6084/m9.figshare.9927986.v1,"Belkina AC et al. Nat Commun. 2019;10:5415. doi:10.1038/s41467-019-13055-y.",CC BY 4.0,yes,,"Used supplied mass41_for_optsne.csv and class labels from mass41_annotated.fcs; no additional normalization, filtering, transformation, or relabeling during conversion.",965282,14,float32,Data/mass41/mass41_float32.RData,,,The supplied mass-cytometry values were already transformed as asinh(x/5); attribution is required.
