"launcher","md5","sha256"
"ablations/run_lowdim_systems_ablations_cpu12.sh","9dcb4993c924128f2dfeeb7f6218309f","c10390cfc6f2bb7e4906d003d90f31c22701ff1dfb9b6402f930273c26ca3052"
"ablations/run_lowdim_systems_ablations_cuda.sh","393d8ba3acdf41ee028a785b3b1bfc80","af351b153741f51eaee732cd59ece8403d8a034c2f0579bfb7f01e7a5167c9ba"
"analysis/run_ablation_audit_cpu12.sh","8dad699cc6e0a29d5f58daca5feeb26d","8e5f256d756e103845caf718222037f4b0c1b6b85b0cb6d2e97404d9f15cb906"
"analysis/run_calibration_audit_cpu12.sh","a37676bc731a71bc884283cbcd5b613a","616d49ad603d524924eaecdc6a83049fc75c67ba792420684aac929b25b9b67a"
"analysis/run_freeze_audit_cpu12.sh","d8f6b8aaa97aa39d2935b7c12efe5aa5","640ed6abe7ebcfe0631f148c01a1030d3581e83d533755ad36e06983503b2726"
"analysis/run_freeze_audit_cuda.sh","b37818e261f25e66ae0e10390a892747","98e5845ceb8bf64b6b44dd91f122cbaf84e212d20dfa2401c297ebc96f90690c"
"analysis/run_held_out_analysis_cpu12.sh","ae6e92f97ee70d5b423656bec8d78cf1","57bcaff0f9bad1909e3f71f66d643c0fc1b98fadc067a4718da7d146508e2b90"
"analysis/run_held_out_analysis_cuda.sh","cda42b98806251ecdb65621a086ac7fa","ebfa84b5f7db4fd794f3aa4bcae3c2b41fb67c9883dcc5043eea3919e1910b6f"
"analysis/run_metric_conformance_cpu12.sh","a58a9ba5bd944c24c29ef46ce92ed9c4","233015b8118d1080730095644cb0fce2a5d05cc1fb1a48bc20dc4218d24befc2"
"analysis/run_metric_conformance_cuda.sh","77c2a2c7d5867d94ad7428dad32695c6","4ed1e9ba4bf4d41d9606f92d2b6800bf71d726858399180cbd3e9a6fa69d244c"
"analysis/run_reusable_external_audit_cpu12.sh","f204772e5afd2e41291e5e8999181a11","61a826322111e6746a8e0b4a42cf38bed94af45ffa1059f2187a6c82401602d3"
"calibration/real/cpu/run_tune_faissR_bruteforce_cpu12_correlation_real.sh","275cf8556239ae7108f6ca96ad615e86","6d56e40a6535536d2876eaaa47a178335d7dde26a95bb140cf1a838e0fdf7134"
"calibration/real/cpu/run_tune_faissR_bruteforce_cpu12_cosine_real.sh","97c70b079ca00a7f73050dc279c6f4ac","92c13775add5a0b2719271201d6d68318916ec610891809391948fe80ec940ca"
"calibration/real/cpu/run_tune_faissR_bruteforce_cpu12_euclidean_real.sh","8b9077d83516e336e87963c6c3121a5a","f8fab5990171c996e2698c4149567209a457289fb8e756f337d2611bd27d458b"
"calibration/real/cpu/run_tune_faissR_exact_cpu12_correlation_real.sh","ee0936887e03dccd9a13db1cf1b73ce7","b722a367c8fd14981425a7a47d9a7a3b6fee7e337ec5e5ffa1c69e712367be2b"
"calibration/real/cpu/run_tune_faissR_exact_cpu12_cosine_real.sh","24819e3a86f5c55fe64b06609f510552","96b09446b7c7f617649963fd5239338a6a92860ac2d60e183663820119b5344d"
"calibration/real/cpu/run_tune_faissR_exact_cpu12_euclidean_real.sh","922c0029cf538bd713a4d8b1d602547f","c11c57099c4b2c70a552b80090b4af5a8671b82f2aa49248dd5e61e1afbe0b6f"
"calibration/real/cpu/run_tune_faissR_flat_cpu12_correlation_real.sh","9cf5967060f610e642dcd42903864f32","d49b09c3199448599dbd767708ca9c3f047944767c6d2cfdb492bfd08e6b82b4"
"calibration/real/cpu/run_tune_faissR_flat_cpu12_cosine_real.sh","736bd101be175fe6b790284ae4ce54a3","ebe8e05791d115c88d3297fe1c0403336e5a9f4c5d5977264e07bdb32646d40c"
"calibration/real/cpu/run_tune_faissR_flat_cpu12_euclidean_real.sh","d3c6abc249730fa706321a0bab6c11f5","773d0293090de298e81ce464caa59b4128c1457a98b85cc57a72d86d04b73ef2"
"calibration/real/cpu/run_tune_faissR_hnsw_cpu12_correlation_real.sh","5f4de55eed0800319242282d88c07f18","f08a6824f9a75ab7f2ef0a465418099240b8a38249bc94efd07e8e93c3d00810"
"calibration/real/cpu/run_tune_faissR_hnsw_cpu12_cosine_real.sh","85a010090a4941ca6f844917fe4342ce","bdae1f85c5bd4e873cc861f6654c02dbba8e4a5fe8b56e5e5251fb677ef03e60"
"calibration/real/cpu/run_tune_faissR_hnsw_cpu12_euclidean_real.sh","e9fa20c2a10e586ec81a6a77b8b77d31","deb8ff2808dcaecff0ea5eacbf8402e6ce863a7c2398277259d79464fccee480"
"calibration/real/cpu/run_tune_faissR_ivf_cpu12_correlation_real.sh","ce0b5c3da4bf4e020abea6415ebf48a2","d93c87205b588e8e6adf395067657850b63a79cbe174ffc81c9b163fd7a21bb5"
"calibration/real/cpu/run_tune_faissR_ivf_cpu12_cosine_real.sh","ed9fe78cf10228c60636baebdaea8dec","21cffdb63ce4e054a3b48523d6a827a9618910bccfd1eb3e11f2690e020c1314"
"calibration/real/cpu/run_tune_faissR_ivf_cpu12_euclidean_real.sh","dc56655f64facb0876471fc92ff66ee2","3ac8c188d6622092dc95aca20d18b4d06eb458e6d2a8643215012b66a8b6ad7f"
"calibration/real/cpu/run_tune_faissR_ivfpq_cpu12_correlation_real.sh","5c580d43a898af52d2b732fa5ee02da9","66da3dbfc21a5295934c62a65762413ddae698f7100bba4958fe66f98605990d"
"calibration/real/cpu/run_tune_faissR_ivfpq_cpu12_cosine_real.sh","edeedc224418cbbad2ea140f6368aad3","19be7f738253f5bde22c0b02c066fa5490a5bf937c785a7f4082b6b391547a71"
"calibration/real/cpu/run_tune_faissR_ivfpq_cpu12_euclidean_real.sh","db9db3592b8cb4b6f0401e75c619f210","b3c74e36b29ea3f8d5b4b4df180c70000cf410c00271a97935dd60c350e842ae"
"calibration/real/cpu/run_tune_faissR_ivfpq_fastscan_cpu12_correlation_real.sh","9e65df8c4194a852f95f113703f313b7","f5ffec76a6eb3e254557daab0697f479b7ce153d229c39398ee2cb4019c9a5b1"
"calibration/real/cpu/run_tune_faissR_ivfpq_fastscan_cpu12_cosine_real.sh","8274d76b09ea70ed58f31cea65487b04","c643dcc7804a52de06a0e6bbc3ec969a8974f98973e5268e734d4147fda65409"
"calibration/real/cpu/run_tune_faissR_ivfpq_fastscan_cpu12_euclidean_real.sh","99572789cbbc9b2c26a494dc07615283","4fe86b22546da67873161c0f4664512e44be145d5849638c08adb6a87137bdb9"
"calibration/real/cpu/run_tune_faissR_nndescent_cpu12_correlation_real.sh","4d4270b099b4b56dec259dfded7020af","1ade646ccc4a713fbd2a2285b390c2f42a0bdcbfe96543ee0bfa4bfc595d1c0e"
"calibration/real/cpu/run_tune_faissR_nndescent_cpu12_cosine_real.sh","d0e18c89138b40e23b9af273ac02c9d6","3c8e62ff0f5beec50a85c46daeadb0aff3d814c965ce156a62df302ca91170d2"
"calibration/real/cpu/run_tune_faissR_nndescent_cpu12_euclidean_real.sh","3992e13297b62c9c24e153fcf82d61ba","7c7e1a7fac68e83432d138437803d6234ea5b0ff6d16b330286d7d0a1c88fdc5"
"calibration/real/cpu/run_tune_faissR_nsg_cpu12_correlation_real.sh","5f68b818ed69d5224a43e29a2a680b43","0c16c9c3e2787fb5373dade647eba34d70ca9a6b97e633f00dea4604da0b0bef"
"calibration/real/cpu/run_tune_faissR_nsg_cpu12_cosine_real.sh","7c1856668f1913de21ad876c6d5078a3","947ca3449bf941fd3e1e302fa8259be82cb5bec07ef54a4eaa6ad74da2e5fa3b"
"calibration/real/cpu/run_tune_faissR_nsg_cpu12_euclidean_real.sh","92b1c3465247122b8836989297b8fd6f","d0924e6b5c23c501c9095131bbdc0ab653b52a40121ae6530d154ee8f64ec59a"
"calibration/real/cpu/run_tune_faissR_vamana_cpu12_correlation_real.sh","33be57d7c7475adb210e4adb933d81f9","c1176617bb37e0c8874cab60accbd6710c6b3901c777024a43d0d7af3b394bdf"
"calibration/real/cpu/run_tune_faissR_vamana_cpu12_cosine_real.sh","a6f71eb8c66fa826b75259a5d80aad79","3516c388f13deb17f8682dcc5405ec9661bae74e6e94ebf0eb4f538eb28ba835"
"calibration/real/cpu/run_tune_faissR_vamana_cpu12_euclidean_real.sh","bf23c566a395ed48d1998a353c5d3dc0","cd82d85086fc57b95a9630c8686bb77c843f40a71a2757541ab45cc36523a9db"
"calibration/real/cuda/run_tune_faissR_bruteforce_cuda_correlation_real.sh","05aae3bab036d4afdd96c1f5dc0e22d6","04936c405d4f40f138be051b71dba04f40daf0043e98fbc423d1793cb9d1bbe3"
"calibration/real/cuda/run_tune_faissR_bruteforce_cuda_cosine_real.sh","175919ad944649bda96f7fa5de4ef7be","3438827d78d006f25ea68b9bbaffee57086c1a325cec45b194f79672f709ca24"
"calibration/real/cuda/run_tune_faissR_bruteforce_cuda_euclidean_real.sh","1155a2947944ca39fce9155211fc92dc","1cc608c5397ecf16f8f8fd5aeb96926955d65d54d81d3842ab846c6148e7dfff"
"calibration/real/cuda/run_tune_faissR_cagra_cuda_correlation_real.sh","4d6550b71b3d158a0e36c95e73c09e00","fb1b2de13b0f1cf0a7706808d774c69c4391ac70cbbe8d1417c6b341f2c28e84"
"calibration/real/cuda/run_tune_faissR_cagra_cuda_cosine_real.sh","8665384276ad15cd61e570eeedc6582e","0e31b275b5bface5ad69547408b604214a21412b7e6b097d877cbed71e42970e"
"calibration/real/cuda/run_tune_faissR_cagra_cuda_euclidean_real.sh","cb16a90e60171a7952d5d03332acb570","e5f91ea43437b6f2d6e1ce431ed06efed5d98bc2c730f3299df21927c5b5dae7"
"calibration/real/cuda/run_tune_faissR_exact_cuda_correlation_real.sh","ce318600d3c7245d26d0f9517280e43f","d80a75718bb4a52ed7091841cc523eea5f8962267172fa2a4b40d232903fc27f"
"calibration/real/cuda/run_tune_faissR_exact_cuda_cosine_real.sh","4235acf0da3bc2a2fc0d7043e4b41339","7ea5d31210d755a31f158aa9f0cfb959afadcbd6d9ec375b1ce43b8313cd6ffc"
"calibration/real/cuda/run_tune_faissR_exact_cuda_euclidean_real.sh","10b1c34ef82a160167b650667a478b00","03154971bfec0079ddd9dfdd7d0cb6211ab90ebdf50bff52bd192513e317ab7e"
"calibration/real/cuda/run_tune_faissR_flat_cuda_correlation_real.sh","d1a08dbd79cbdf68f51e19784b3a9fc7","e20ba16909a09b8f1e76444ce7b42ba3522dfbe0f06b55018596751d8c5b5198"
"calibration/real/cuda/run_tune_faissR_flat_cuda_cosine_real.sh","6c94e6a04e3ea4ec203de591dc22ac62","b1b3d8794201aafc847f4d497949e4b6a3e668b9e5aadf02742f00f8e8e57cab"
"calibration/real/cuda/run_tune_faissR_flat_cuda_euclidean_real.sh","797142d10d5a776da5cce8b6dff1bde8","8dac34c702097f09ebd92227265fc271a0823546ba22f56ce5bf3f8f4fed2f1a"
"calibration/real/cuda/run_tune_faissR_hnsw_cuda_correlation_real.sh","29b18cfd9706f5421f80aa48bcf80e23","36afd134f402314b6bbffdd68018d0de1c5f62ccb04a3d6a504413038843c9e0"
"calibration/real/cuda/run_tune_faissR_hnsw_cuda_cosine_real.sh","d635582e765a878e7fa6d99123ce7d76","ae0a7c46a7eacb7be6e2ff5d642f446a1accaedb6108b5dcb1e606bb0493d19e"
"calibration/real/cuda/run_tune_faissR_hnsw_cuda_euclidean_real.sh","32fc28936bd07306d10f4318a36eccd7","fe9b9bd5dbac9a840bcf51fdb2c93e84728814a434d2c8372a747299fc10736e"
"calibration/real/cuda/run_tune_faissR_ivf_cuda_correlation_real.sh","b0d2eb5ef6d5f8fdb5f2b628b1ec7174","9ce6c9a813732a13de5b067d2e79c00744ffb10d6e3d78cf3360762c42b2221a"
"calibration/real/cuda/run_tune_faissR_ivf_cuda_cosine_real.sh","75a2394e86c453abf695824f6da53059","0bf697d433f56302f0f95de4511d7b7f46ebc333b1dfe53d977b81f2ed8a2f91"
"calibration/real/cuda/run_tune_faissR_ivf_cuda_euclidean_real.sh","1bdab7a3cc344d401f7640d8a68794b3","87ade267fa74af2121e4b09dedc619de91c619abff32494deff52d400da4c557"
"calibration/real/cuda/run_tune_faissR_ivfpq_cuda_correlation_real.sh","2e549fce164e2979f784f0a8f0008513","6081dd6fbce0fd10b3918d40e9d675bd7caf8c7d19b5a9d70ebb5d37b31b79f3"
"calibration/real/cuda/run_tune_faissR_ivfpq_cuda_cosine_real.sh","707fbfe7ec3a584345ae53cd7fbd713e","0523918c3c2d304d9529540ec4bbd2a830c483ae5e7b57027dec34953843e564"
"calibration/real/cuda/run_tune_faissR_ivfpq_cuda_euclidean_real.sh","d7ea6e8b0767aa8545311dc6f7daddad","207b40883449bde61d1f8d97d0a97850d48ac155bd76ce157d2ad4da8ad16cd1"
"calibration/real/cuda/run_tune_faissR_ivfpq_fastscan_cuda_correlation_real.sh","5d258e2b7974d3899e759aa6b863132e","5b82848c23571fb8b0b0cfc29eb1be3e36a020e6d3f596f375f06b2a6a82c4b5"
"calibration/real/cuda/run_tune_faissR_ivfpq_fastscan_cuda_cosine_real.sh","fd6b4ee8f4e517d33708d88703b48747","bba92f1f2c264f5b5f29523265930ca741bd32036279717191d831de50b13170"
"calibration/real/cuda/run_tune_faissR_ivfpq_fastscan_cuda_euclidean_real.sh","62a260fd22b2db722a213ba90d1e9b4f","8fc4c99fef7b8b11f7332634fe25b9efe15814da7b18dd049e7062fbf6c0799f"
"calibration/real/cuda/run_tune_faissR_nndescent_cuda_correlation_real.sh","30acc8e2febbf79bcca9497ee4b643b6","1af8efa7ec3db49c033b6c4eb6494ade2b60f975de37383e36dd014e1c1e6389"
"calibration/real/cuda/run_tune_faissR_nndescent_cuda_cosine_real.sh","b0177e0228d5c6e423960647deec9e6f","f40560053d8d3ca3fbacccefd169be63def0bf7a4a4231e577257c651e7d144d"
"calibration/real/cuda/run_tune_faissR_nndescent_cuda_euclidean_real.sh","a6b83e72f4214ca3cbdf3ba9ecd42fb8","21ef069aff37493b0f03e5ab73753569dca9a7b08736bfc5b69c591b0a14b351"
"calibration/real/cuda/run_tune_faissR_nsg_cuda_correlation_real.sh","70665f202e0f6aff429a13fe563f6067","adde57ae6891ba78f0e41edb8644346987c517136785bd859692b2f02054000c"
"calibration/real/cuda/run_tune_faissR_nsg_cuda_cosine_real.sh","a1cfc48eda2e89313edf3014a28531fb","40568797f77eb4807f92f5d6429cecf0cf0186225df1dd977f692ee610ea2ccc"
"calibration/real/cuda/run_tune_faissR_nsg_cuda_euclidean_real.sh","85e5a6895490c3cb3daf971de243a234","97b3ad17f8d1e89309ae32043b80692cfa9c7f6ecace00e9e0802adb21cacb7d"
"calibration/real/cuda/run_tune_faissR_vamana_cuda_correlation_real.sh","3c7089c5f4c237a07d3f5f29938ae46e","552b7b95cbb472942b4315e6958aceda4145306a74d0aade8b8953c9d0e3fb28"
"calibration/real/cuda/run_tune_faissR_vamana_cuda_cosine_real.sh","27b6635c9a7830a00c68de513d5c3636","4772b7ace5b1c260eaf68ef6c2cd106f9227fe67e5898b481ab89d3fa9f87d4a"
"calibration/real/cuda/run_tune_faissR_vamana_cuda_euclidean_real.sh","9ed76b21eaed0ce00a1fc3d898c66a65","908df89268aa8e99ef7cc0894b735443ddd4faa515f1359218df0204d953af50"
"held_out/cpu/run_BiocNeighbors_annoy_cpu12_cosine.sh","09e71dec4b1fa5a1e22fef962095070f","2cd29fb3c7dd909b3b0d64a84501f2083b2cc72dffcc2ba7655464eadec4d89e"
"held_out/cpu/run_BiocNeighbors_annoy_cpu12_euclidean.sh","06c52329101cb9cafd5ea42399c85e9c","36e54b78157b1e7218ce7edbd5f4a670e243eed709972255189f7d1195b4d47d"
"held_out/cpu/run_BiocNeighbors_exhaustive_cpu12_cosine.sh","1e7276f6ce11924aa08710ea3cc98d33","f3d3af2d9f5274f46cc076b22f5f5a8dcb151846bc3642f2f67583f1e83d960f"
"held_out/cpu/run_BiocNeighbors_exhaustive_cpu12_euclidean.sh","14d28adbdd66a99d30dfc86d002471e0","3a6392ee23c74e55b186482cd70ae10f60abaf17e82baee0a96b85e9f826f3fa"
"held_out/cpu/run_BiocNeighbors_hnsw_cpu12_cosine.sh","e01c7649b58b4e9d8c19a1d0d31c951e","a383b14125be62cdd0e47f29e3be8133a2fe552d2250618692ef37764aa47555"
"held_out/cpu/run_BiocNeighbors_hnsw_cpu12_euclidean.sh","a28a0d38ec19bf9ac69a8b49f49b206f","754f91adc97905453def53f1637e49e589bc3c9b2747490215c0b96c365e4797"
"held_out/cpu/run_FNN_brute_cpu12_euclidean.sh","bd331fd72da2e3b7ee274571db19116d","b78f2fd65911255d038b40ea16ac29c6398b7fcdef401685c0443e2a2c283277"
"held_out/cpu/run_FNN_cover_cpu12_euclidean.sh","67699588df6ac37b54ceb1def6b0657e","755292b32063da2db1f942d0edc0a23884b51fc8e6dc5f1820b142beb15b1d08"
"held_out/cpu/run_FNN_kd_cpu12_euclidean.sh","02efe675e9678c09ae3564fedd507bb4","624f830f6f1f5698ccaf0ba4d3ef44a9a00ef43a5580ad65102e7e93b7453191"
"held_out/cpu/run_RANN_bd_cpu12_euclidean.sh","3b3d96f4e691cd2e3991f1daf94b7284","cf211e55816e5f487e6cc2cf53eb9f93145c88b713c8fdb7ccf693c47eacbaeb"
"held_out/cpu/run_RANN_kd_cpu12_euclidean.sh","f3335f9e75ddea14319cc1e786617e79","d2ab061c7564ee673a638b09a06374206fe132174121d9c09f1de1d7aae63a31"
"held_out/cpu/run_RcppAnnoy_angular_cpu12_cosine.sh","a6e410e125e84a9febdaa11522d54866","926e86d71f6a9fbe82f62359ced90e4aa04e8775051bc3a2c434300ffebc8b72"
"held_out/cpu/run_RcppAnnoy_euclidean_cpu12_euclidean.sh","fda38558de55177e17cdb7e98d05d353","e4a374438873207a8c6930ad8f2f81d2aa5583cb74575c48b4fd50977895ed3e"
"held_out/cpu/run_RcppHNSW_hnsw_cpu12_cosine.sh","411911304f3b45c0ab76dd6d41d1cf5a","9992c81d50861fd63f713ca73b3012c6c5cc6caad902142a5d2dc9a8b0331844"
"held_out/cpu/run_RcppHNSW_hnsw_cpu12_euclidean.sh","6ad59e1a3e78d981a72fbbc5eed33c77","7e9d849f38229179e5925bdb06f2ba4c97016c0e2db6b126a8c39bcb6e327042"
"held_out/cpu/run_Rnanoflann_standard_cpu12_euclidean.sh","0c409e9da4d9b5632eca4070fbe364ba","4ff6a9d66ba6c8677669279cf0a9f80181f5352dd0c1651a9166de329ec07a3e"
"held_out/cpu/run_faissR_auto_cpu12_correlation.sh","19a83871c263d11d71f4570dd0bc8534","151f6a0ab5efb4193510febbf212fef67397b3f871a3da8993b3c8bfcc632a48"
"held_out/cpu/run_faissR_auto_cpu12_cosine.sh","70fdb7b6ff8a5e2d9b39fb8ed42b7277","05f1d45ebd0c7d691c93f8f141cbb9f67b7f9fac624ca7f88d61f62228d88e90"
"held_out/cpu/run_faissR_auto_cpu12_euclidean.sh","866aca55c672b627bfd3247b6ed8d36d","cdaf73045db1646dccf81e8cc00780837af89f36211e0368ef976c2c5d9f0557"
"held_out/cpu/run_faissR_bruteforce_cpu12_correlation.sh","2bc166d8e812c538540ce6fb69315a57","7af8fa970fce9272a7b69c767a9f2e72bae7d8fc67850f69462ce4787b4bb130"
"held_out/cpu/run_faissR_bruteforce_cpu12_cosine.sh","6ecb8634dbf6286f022bdd4bde5a77ca","2d7525d056abc4d1d8830abc4c620f6f7f3d448808fc1e146471281c052e8081"
"held_out/cpu/run_faissR_bruteforce_cpu12_euclidean.sh","9f2903d7a652bf695ef83c21d0967292","a48f334086e9dea16adbada0fa9a16c84adcb1cb738e7432d6cf20ed664cf7fa"
"held_out/cpu/run_faissR_exact_cpu12_correlation.sh","44d1a74ba2a81d8fd83fc480e4862487","6a5190ede1ab0303f86babcc2cab470b1b47c76c9fc56e8210b2b8745f0bd6c0"
"held_out/cpu/run_faissR_exact_cpu12_cosine.sh","8f093cd4300ba6d26c17acc0462a30e7","781cd14a00c252abbbcb186ed1d2ccd7438191261bf05e12b080a9df1b1c8e3d"
"held_out/cpu/run_faissR_exact_cpu12_euclidean.sh","d97889b537f0d5bd909f6f5039576f94","419180c13cb06f186baa23e77f95a9cb49f3ba6f3ae4cfde63f021b2a2dd45ba"
"held_out/cpu/run_faissR_flat_cpu12_correlation.sh","c10e41c8860e901ddb027e8acaddbd31","e5b0b63175566227f5f6783219761621971ae5101b02f68c67590f6326268074"
"held_out/cpu/run_faissR_flat_cpu12_cosine.sh","c6baf26d747ca9bf7d0f65526409a58f","6da0ad41405c07d58f4423608a38d36b305d1f4a9b2decb4d893fb39dada21a0"
"held_out/cpu/run_faissR_flat_cpu12_euclidean.sh","d66b385d19365c007658a7201cc85868","611b93665076f3165d14c57dee0bad9f62b0975c9391db5802ffad47d9eaa3ea"
"held_out/cpu/run_faissR_grid_cpu12_euclidean.sh","d3c1e1be1ad026f2aa1307a23adafe72","867409d08871957ec5865786c5fe10d38c8b7a9bf4b7bcb23aaff882370f6bac"
"held_out/cpu/run_faissR_hnsw_cpu12_correlation.sh","5281dfd6d6d02a7bb0dbb338d059b92d","5d803c3f1b9f3b4a962969c4f3a88f37a4f739082864a93f1b4049892b898bc6"
"held_out/cpu/run_faissR_hnsw_cpu12_cosine.sh","3f3763b6ded52f539fecdcddc1a91270","90ab1592ebfc3bb033165f16a042bac57f60354be9266c8e82cf84c4dc61bd12"
"held_out/cpu/run_faissR_hnsw_cpu12_euclidean.sh","dd602bd08c8cb43bc05484d87a047fa5","4993d43d0b92404c60f1601e8ee28111a99761180edc60a239b82db0d6165fda"
"held_out/cpu/run_faissR_ivf_cpu12_correlation.sh","b9524a1ac7b5e0c0708b26fa0b61e670","53fe00e2c1f18b40f049086f89726a70d326a2485b55a0f21846ee543c274bdd"
"held_out/cpu/run_faissR_ivf_cpu12_cosine.sh","e50158a783c9c8b1018c6d4cc66890f4","19bdb4ad03c79967dad54c5f1a600d9ed7d98c4eec0117bd5527b06456146e67"
"held_out/cpu/run_faissR_ivf_cpu12_euclidean.sh","520e5797a262fe6b818c34ba9e0cead6","1c63e30ee4f798bbc5d4dfc2745438e31f05ccaafcbc584fd5dd16cdafc2917e"
"held_out/cpu/run_faissR_ivfpq_cpu12_correlation.sh","d998abd847e47892ac3716ae0077a13c","41f45836184b100f8c7ffcafdf6a5be1c156e0ea5b0c5107d2eb0ecdaa1aecfd"
"held_out/cpu/run_faissR_ivfpq_cpu12_cosine.sh","b54b7ae7747725fb753722b4f5465d6d","625a6fd879e9a4d23d005d745bf1cc1402f558da9e9d8069c3b0a4faa150be29"
"held_out/cpu/run_faissR_ivfpq_cpu12_euclidean.sh","e5e749387176b7f0a178390aed22cc44","db2779c955a473ad35caf958084c1c871b830ebb075c76bac0e30684c999edf3"
"held_out/cpu/run_faissR_ivfpq_fastscan_cpu12_correlation.sh","ba0adf821c2eb29b2cba32b82d147556","cebe3348608d248d0fcd78871b651d511def35d48fbc2ad9f6ed48dd26e56b4c"
"held_out/cpu/run_faissR_ivfpq_fastscan_cpu12_cosine.sh","c873c4433564ec5c430303d453bc5f70","b2c213bc6c3fee9c9283599b81ea523fe8b77bab3474530dfc4e753b219553ac"
"held_out/cpu/run_faissR_ivfpq_fastscan_cpu12_euclidean.sh","b4dba7ea8f9887055978eb52b273ad92","492753d3caaa2dbd74bd521036986bf190d46fc09c4fa3fe71dfa35e403ca3ad"
"held_out/cpu/run_faissR_nndescent_cpu12_correlation.sh","fb6caba58131628daa5b431ba64f14e8","cdf2ea11f18b2db204c5fc2979cbc6814d6427b29e08dda8fe72391bc7c6d6a5"
"held_out/cpu/run_faissR_nndescent_cpu12_cosine.sh","08888be246ca28b645d4de24a1da8f29","940fa3ada1084ae6405cd4a8b1808693306a76aa09e31743526180e0eebbf397"
"held_out/cpu/run_faissR_nndescent_cpu12_euclidean.sh","2757f4b115e9c84ff8dab2bb10b87d2d","574a71af800bcf30045b29196db5138fc3bad15b1a6dd91c294e89264243a2da"
"held_out/cpu/run_faissR_nsg_cpu12_correlation.sh","c956992bc783f8af07cdaab07ff8e4cd","f04c90f53bcfbedc919833865627af9bc55d69c5121cac4171e3ec23023c294a"
"held_out/cpu/run_faissR_nsg_cpu12_cosine.sh","0ebc035b7b22b774124dfe14c8345117","0063d69d1010667e21730d1155f3eaa53ad33ab0716eed719b89df3679fd1537"
"held_out/cpu/run_faissR_nsg_cpu12_euclidean.sh","ea69237d25c783d63e61fb2b6e3d36b2","d7af2b655d561c5c8a2e9ce6c27319964d9b14ca91ecc77a9b07be44c5da5b73"
"held_out/cpu/run_faissR_vamana_cpu12_correlation.sh","a06fc88ab753a35912d00e73c0989ba8","aaa0a24670281884bfa6dd41462a969a59964cac9cc29d12bf80ea4ca9d8f34b"
"held_out/cpu/run_faissR_vamana_cpu12_cosine.sh","174c2cf288fb2fb9c66fc5b2b45ae76d","56837d1611a2abe5a0df12c9ef9a6e89176759d9ca9dc7f9f37e19f012926d16"
"held_out/cpu/run_faissR_vamana_cpu12_euclidean.sh","9d1800b437c5f281851a85d19d9b00b9","46796766afdfabd1f6d986d5f53cb00ecb15e37bfc3b369aac48e223689f1285"
"held_out/cpu/run_nabor_auto_cpu12_euclidean.sh","f54881e18e779b5e16e2b3c9f5ad32d8","12a5bce2957b4ffc3686689f2dc6c8a0c4678269b262b9b27996108dc01a4720"
"held_out/cpu/run_nabor_brute_cpu12_euclidean.sh","1824460de9fba02f0aebb5711fc9b16a","d60d7e3de11547a58b964dbdd5ebbcd3e4a2a5cd79fa95c6b8b27ecce81d56fe"
"held_out/cpu/run_rnndescent_bruteforce_cpu12_correlation.sh","e5fc6f126ed35e04349fa5a38c8884a8","41efde889b0098005be50871599a26847a0bdd6cf1913f9a59c8dc0ce1de7880"
"held_out/cpu/run_rnndescent_bruteforce_cpu12_cosine.sh","45298a4c715c2a9f7699abcb4cd60560","bb78ce712cec5a47797d2abc976c01080237b23b9c122c518230bc438cf257e2"
"held_out/cpu/run_rnndescent_bruteforce_cpu12_euclidean.sh","ea198a8f13ac7ed133e01364c72c914c","0494265569b5dd30126c42409daa91e45223232778b2469292a30264bff68d3e"
"held_out/cpu/run_rnndescent_nnd_cpu12_correlation.sh","7da2d053233c7df53bd90246377df321","b7a1c877ca4907a48e3f501df2677467b6e1cd1d50953c27936bc7c8ee9855b5"
"held_out/cpu/run_rnndescent_nnd_cpu12_cosine.sh","8019029b823890e65bb564d980e94b2e","6c78bce6a51bf60ffc92062bb8809f986fc7085c6c49bad31bac4e734517e768"
"held_out/cpu/run_rnndescent_nnd_cpu12_euclidean.sh","3486dd65df6769d156126e442a02f60f","082245744ed026318511e1e9abc5885cb785e72f209d7c9cfee315aafa7ac54d"
"held_out/cpu/run_rnndescent_rnnd_cpu12_correlation.sh","02fee99a66ee18cefb66ae6421f1d2a1","71fdbc74869e9b4d879c8f4275cfa734c041601f47cc8c6d71f92c98ed8b0090"
"held_out/cpu/run_rnndescent_rnnd_cpu12_cosine.sh","0d81ad21db7a40461839f5ba4d0a1f81","aa901b2de230b0f6cba86887df49717dc701af8682a4adf232faf8aa8b95ca20"
"held_out/cpu/run_rnndescent_rnnd_cpu12_euclidean.sh","f070749c2f19f51b7a55f0462788ed2a","7e606183b135029b45e914287d315c38a4b67be4287045ad744ca5a9c58d3cb4"
"held_out/cpu/run_rnndescent_rpf_cpu12_correlation.sh","adfe0062854845264aacaf88429219c0","a371763921c5e265aac9e522835d5145275a000b0e5fd5cf901912d3e2345d9b"
"held_out/cpu/run_rnndescent_rpf_cpu12_cosine.sh","02eb1bf2051532e0edec5d4946456516","e911c50a95a190390a681856ddb21e3314279d6c7c2c9dc95301429c243bf16e"
"held_out/cpu/run_rnndescent_rpf_cpu12_euclidean.sh","8ef5399257edb8eaab34d65c44f26355","4b7214316fe7fd1e5a23f802d6aa3a0c3554b8cf9e608da47971bc4e35beda3f"
"held_out/cuda/run_faissR_auto_cuda_correlation.sh","ad3b6e97d0130f2664bbec384dbf92c0","9b160620d6dd9f249c85fa99994218424d0279192ea3835405b267913f3b3e20"
"held_out/cuda/run_faissR_auto_cuda_cosine.sh","13f84426dac234f94e8a0aeda23f9b99","bae294a752e8fe6d868a542c43732b06c79821fdd3470ba3d65be0d9ec26c7ca"
"held_out/cuda/run_faissR_auto_cuda_euclidean.sh","a8381c25ff202a7328efb68e02be17ce","dc7c319ad039fbcdd1fe9ebac00f0a067c81fdd21fbcc43a66706f2fc72ef213"
"held_out/cuda/run_faissR_bruteforce_cuda_correlation.sh","b5558380520fe20737c9c8e004adf610","2a48dded7b02831042ef9f4e22e3dc410cb1777579db12fa7db0e10429853d68"
"held_out/cuda/run_faissR_bruteforce_cuda_cosine.sh","169eec25a1368ccb206d6fefd23d3bef","ca3bc5e48c84213ffb763edcba7bcc5fbcfa2a07faf4dfc91a377686c52c0426"
"held_out/cuda/run_faissR_bruteforce_cuda_euclidean.sh","22ed5dc069366caa4101d20abcc2bed3","310b6ebdf6d9c4d3e8e19ac6d85466fc4980cf457cd8c97ca976a5bc356c9846"
"held_out/cuda/run_faissR_cagra_cuda_correlation.sh","acecc055432b246819b84c7d74e7573c","cfee0434640c55f17ef7f100e8c4dcd1950c67732972bc42650d26595ecbfe9c"
"held_out/cuda/run_faissR_cagra_cuda_cosine.sh","2bce9e1e5ad9047d0d60c98fda6e683b","386a1ed3a48df9ef791c2fa3b3e0c4eb94a18f49921fc568a7fa4bba1ab2d2f1"
"held_out/cuda/run_faissR_cagra_cuda_euclidean.sh","a6389bc8a80b8049023c23a9a8c46399","ff30eaa5ca632cada9bb9faba4ad3eb1b9149ae679f7016e7210422f97ad58c9"
"held_out/cuda/run_faissR_exact_cuda_correlation.sh","39cca6f72c0085c7f05103fb6d656a4e","9cbed82cb9baf06f78b7cf7f0e4f25e116529b4711afce6efd7b1ae226beeb34"
"held_out/cuda/run_faissR_exact_cuda_cosine.sh","9e102ed23862b6d182ee46f23703954a","c49549046c3bd638b4962589f91ef10e36f0e7b3857f3a9b5eb40604343bc17c"
"held_out/cuda/run_faissR_exact_cuda_euclidean.sh","b0e987274a9b89f4844884adcd164199","ac3f3e7f5dbcdeab9cfeb6001f8ccc7aba0fce0cde074af071c35afd0928eb66"
"held_out/cuda/run_faissR_flat_cuda_correlation.sh","2c294819e48b5cc4414d19a1f11ad0a9","3d0774058489476ae1acc1cd783ccb7452157ac6a00567b9304b07d558b57d14"
"held_out/cuda/run_faissR_flat_cuda_cosine.sh","e1a0d7f4751e8190091127a6abd7dcd9","7efcfe0659dada867b0e5fa6b2094b0d3c7417b9c17e4f1fbd402a11b7453eb1"
"held_out/cuda/run_faissR_flat_cuda_euclidean.sh","4bc0fba55929a1ea380d574e084b831d","75833e6c6b7639aaf08a507aebfc9ef640bc12cb23b693b9b64e828d3346a154"
"held_out/cuda/run_faissR_gpu_resident_auto_cuda_correlation.sh","df4dd6d7ce1e4ed28702f51cf00b3196","768d75d5eaa46369ea30aa994bc7c6a8e19cb42f99a73d23dfd9718ae3e6443c"
"held_out/cuda/run_faissR_gpu_resident_auto_cuda_cosine.sh","0b381dc3a41a1a75580aec925942ff32","3f654af71da4a75ffa361901f810ca9ea1da51536396f462c2ed3dff248cbec0"
"held_out/cuda/run_faissR_gpu_resident_auto_cuda_euclidean.sh","223d4c2122847f9b7adabb1be9920ddd","e46a5a1965790894bbaa6d22179b5f844666738bf7135e131b111293ed987d66"
"held_out/cuda/run_faissR_gpu_resident_bruteforce_cuda_correlation.sh","9094488329daf00b9f6d0c656edfcceb","192d3da65744f7dd4919fb65f9d31d8e23aad4ebc8d8b87b19168660b7d26f73"
"held_out/cuda/run_faissR_gpu_resident_bruteforce_cuda_cosine.sh","abbcb7d0c5bbe1674c9377af282c244e","6377845edc067ab455b1978da526ead696f828f3fa049d8db9a489af6884be39"
"held_out/cuda/run_faissR_gpu_resident_bruteforce_cuda_euclidean.sh","0a933b805c1497b494e74720ef1b2632","d10add5083a70b0c04271741f2840679be08794de96deb248ea54b8f06b2c235"
"held_out/cuda/run_faissR_gpu_resident_exact_cuda_correlation.sh","93954d5e42d30632ad40dffe54e373b0","a5c58cc2997a6caff461b0fc09a5e48c97d2bfa3fd30c285189364af2a25f2f1"
"held_out/cuda/run_faissR_gpu_resident_exact_cuda_cosine.sh","9ba904f0613afa0881c36c0453155f4f","0cf7b9362daac5b589475dd921b72bf7957cb88ed5d6edc082c44e35ea2c9490"
"held_out/cuda/run_faissR_gpu_resident_exact_cuda_euclidean.sh","add05798e93f594a892c87a85fdf9e1a","b25437d0d4ac5a332e35a863bbbed38a170bc022b195710e360fbd42d5590a45"
"held_out/cuda/run_faissR_gpu_resident_flat_cuda_correlation.sh","763b39903228e1dd785a5b4b8a4b43ba","0a5101aa3a3de727e99d16dee23dae7bf7b244e0f9e454a4e7730adab37f3858"
"held_out/cuda/run_faissR_gpu_resident_flat_cuda_cosine.sh","7bcc17be15eb997bef444e0f204d6da4","7a3e7697bb42db97987ed7249f25ca16fd280a7a6a5ca1d901cc496af4c90815"
"held_out/cuda/run_faissR_gpu_resident_flat_cuda_euclidean.sh","7965d9262ce7c45fa767ef9397644871","196fcd68b289bbae9458e61a5e86f909d9ee12f3e28fe2ec314950dd28e95bbb"
"held_out/cuda/run_faissR_grid_cuda_euclidean.sh","85510b17c1067f9c6b7a891e203ffa22","75110e9063afbafae211b0b2d4a965b420e9ab4de053b55ad076559e1165cd3f"
"held_out/cuda/run_faissR_hnsw_cuda_correlation.sh","a8fc953d39b260112218294972a3441c","2b17f98356e197a87946efc2c857a0b66976f7ab5b1bcbf8ccf711bb47fceec2"
"held_out/cuda/run_faissR_hnsw_cuda_cosine.sh","b3fbdcd7af36c86c824e6333ef6a36c8","ae30b4aaba69ff2af09746ef1fc292284a82649b33e3825163b4d96aadc2fdce"
"held_out/cuda/run_faissR_hnsw_cuda_euclidean.sh","5b27bf541b7c342a51b5a8c11b188f8e","a9ca6f052aaf71d08c8ae038c2ee8e296b7e859dbd6bb8da1e26e4a165e20266"
"held_out/cuda/run_faissR_ivf_cuda_correlation.sh","ee7e579717ff5a575d14eb0e1be31d86","2ca0e5a9c87a8dbadd803aa5aeb9bba6f4ea621e07c8c5b8187dd36ba893096d"
"held_out/cuda/run_faissR_ivf_cuda_cosine.sh","d2cce7eb4f7686b3b48c2cf3551b4cf0","263bdb7c23d5311e70eff5edfb97f4644cd64d46854b838dd00898bee0af8a29"
"held_out/cuda/run_faissR_ivf_cuda_euclidean.sh","4c85552fad8289f95c6e3bf222bd1370","d0883836ffff84cdc7ca3535ddbf646a8704f7ec2ed83b625b862a007640dc2d"
"held_out/cuda/run_faissR_ivfpq_cuda_correlation.sh","bc56985c0de782081c4f4e35f316258b","75b96c6b10cc5f93de2d1875f3b22aa5562bef4797c382973837e87616a643b9"
"held_out/cuda/run_faissR_ivfpq_cuda_cosine.sh","19059284d8d7c67e2641f16dd225a478","da54a830efa987ba177e7c5ac7549a207d3b9f2213229e8651acc69f3eb1927f"
"held_out/cuda/run_faissR_ivfpq_cuda_euclidean.sh","e3199382e525c5327d3c344cc114a718","b9310533f67e14d8e4d285e9fbbbf9d90aab15efa03590c8e9da7d3a85450d76"
"held_out/cuda/run_faissR_ivfpq_fastscan_cuda_correlation.sh","e61acddaae6a7fc0ff5a646fea077ff3","ad02276a390c236c4a1d53e1ced547d2dcfb5b825ab514d95776cbe2c474fa83"
"held_out/cuda/run_faissR_ivfpq_fastscan_cuda_cosine.sh","03e4670e59f56a78ff9f0d3b8c108782","168818da8abd1b758193c1a51e82b1cb6c0fc6d116af79780cd40f33a1978f9b"
"held_out/cuda/run_faissR_ivfpq_fastscan_cuda_euclidean.sh","879678b2fd82a35dfe9fd5ace508945a","880a05ed5e882856b267dd62192b34b09b26566cd1953a39404f661b7a50d02e"
"held_out/cuda/run_faissR_nndescent_cuda_correlation.sh","be41819d45b813feea667d45fc1ac67b","3e2a880c19c85a4b23c9e23a0cc6f47d344650f9bc24fb2cbde61c1232533368"
"held_out/cuda/run_faissR_nndescent_cuda_cosine.sh","48dafcca1be7d6880419044120f883d4","2213cfcf181c3725cbd96390491f18475982172a1c5127ee70785b288dfc9a09"
"held_out/cuda/run_faissR_nndescent_cuda_euclidean.sh","fafa31b4113df9ea3fcb4863e0bbe12d","9eb829459b2c0c383c0ba289557514e0ea1f0a3e59e01df2c98661e52acb3f9f"
"held_out/cuda/run_faissR_nsg_cuda_correlation.sh","c90bcbcb9d4bfcc03c4683a263f262bd","dc457713420f71ee2cf9aafc837cad0cae90fd25e9d0db01414d4b727f052bc5"
"held_out/cuda/run_faissR_nsg_cuda_cosine.sh","9303a3d17660f2c6f9eeb0d36cce29ea","695dd101b90f0af6869c4af401830020b4597a726ffd0d184b4c8b38c1a59f54"
"held_out/cuda/run_faissR_nsg_cuda_euclidean.sh","ffab29316faf30fdfc16e9bff8145a23","0ad97801de4897e15d58ec9040201602b2703a697d47da973ca0a5d9c94a2dd9"
"held_out/cuda/run_faissR_vamana_cuda_correlation.sh","6ac262ed041fcb73b2fb59c1324ca2dd","edb4a2e222d5f9b0668346a1460ff674dab48c5d82f8aefdbd89a65398143d20"
"held_out/cuda/run_faissR_vamana_cuda_cosine.sh","2bc0ffd89fae23397994a20115507da5","822825d394a91c3eaf697f281faa61cdf338258ad5633f3e5d171383a66005d1"
"held_out/cuda/run_faissR_vamana_cuda_euclidean.sh","51d59b30f9dbaf45d1e7be8248ba414c","17e4ffec399f0b4376920f7612253b10bed12ac1c084ec2c34ffc1eb97e0e6be"
"qa/run_package_route_qa_cpu12.sh","d4b65e4059975309666a40f15f3371e3","72fc492438d3cc797be325e52ab85d02973a949eefa5cdd40db203684717107a"
"qa/run_package_route_qa_cuda.sh","95896d4ab12f6663bc728fe4693ce0a9","01bb2339b641ba43ead93a61127b528bb480fa70efca273ed43c1df74e95ddc7"
"references/run_real_references_cuda_correlation.sh","790e135e5f2eaa1a5f1ef8e48b4ac7e6","203a37395e69ba66bee0ef39a26746bd4dfab2d6b572bafc484767a9eb8b3c80"
"references/run_real_references_cuda_cosine.sh","33895166ed39652ba643161673228950","3c5391c9d937dae51a76822dd1e051e4c2a7c95580374781fde549e2b1fe91ad"
"references/run_real_references_cuda_euclidean.sh","91e21dcff3a0dd98f45f8cd0a5c29540","04d441e6fbde753d26aae0b2602c9a89b60b116488ebe1fa0eb063fe708131e1"
"references/run_synthetic_references_cuda.sh","ab41e7ab62bbf623560d4c8366e2a72d","9151dc41883a29e02029561249ddb99e87ba441f58135cbee87006668d9dd7de"
"reusable_external/run_BiocNeighbors_annoy_cpu12_cosine.sh","6e36e6cac1548904867b7d5a33874ed3","6faa7cf10ada2813ec02d9b0d27f62238bff8888860aebec0538fe24caabb162"
"reusable_external/run_BiocNeighbors_annoy_cpu12_euclidean.sh","f7536313e85b4654df1bb8100d7b8e86","30a8ee3964d7eca03440dcb2dd082646549ea3636a900b64fc7a79eef96126dc"
"reusable_external/run_BiocNeighbors_exhaustive_cpu12_cosine.sh","7442dd310fbbb7a08cad81660b8ca9e9","cdd4c47dbd563cc4b30eed613e27cca2f0d6bc48aa3b184cdff414b5ad16d412"
"reusable_external/run_BiocNeighbors_exhaustive_cpu12_euclidean.sh","237f921e78c88756f8c2f31ffc4b09d0","9472c55c38fb42677f426f44ee68670f26963d78efcedbe1c42eb06adeae029b"
"reusable_external/run_BiocNeighbors_hnsw_cpu12_cosine.sh","8ab73a1e4395797733b45ab0235be2f3","9161e658bfb29f80832df4c01de0420d71cc0da3eeea441d320707a346c7b025"
"reusable_external/run_BiocNeighbors_hnsw_cpu12_euclidean.sh","142fada6d7dab176ac572cf18b54f0dc","522f1856c40dd8a7f3b191ad544f86367c5de0f4afc690184512ec5c51eefc30"
"reusable_external/run_RcppAnnoy_angular_cpu12_cosine.sh","d88b75967494c552d3212202590b19bc","b1575f9bf9c8afc1078de5586b449a804bbf48eef961a01de179b6abff17e841"
"reusable_external/run_RcppAnnoy_euclidean_cpu12_euclidean.sh","c3a2e4adea15a822833c5e616e66a611","06b1be3ef9c6ea0c99387fa5038b381361585be071701457ea10efa6bff91634"
"reusable_external/run_RcppHNSW_hnsw_cpu12_cosine.sh","307cb879dc734b141b511adae1ba2e0a","2ad6521c79f780b68dbfefe83fa6a910893b5013fdf1455e021a68edf3173577"
"reusable_external/run_RcppHNSW_hnsw_cpu12_euclidean.sh","100ff1afa0b7399f00d6769be73b23fd","b64f151ad7861fa994d12bac19b115c51d28da36f00115c04eb2750a8025662a"
